; NCR 486 BIOS embedded Setup module, F000:A400-DFFF, assembled ORG 0, runs as FA40:xxxx
; Entered by far call FA40:0003 from POST; data segment is RAM 0070:0000.
; Image: ROM date 10/08/93, model byte FCh, checksum byte 6Ah (64K sum must be 00h)
; 3248 instructions, 7542 code bytes identified (49.1% of segment)
; Columns: segment:offset  bytes  instruction  ; comment


module_header:
FA40:0000  db 55h,AAh,00h

module_entry:
FA40:0003  50                   push ax                                 
FA40:0004  1e                   push ds                                 
FA40:0005  06                   push es                                 
FA40:0006  b87000               mov ax, 0x70                            
FA40:0009  8ed8                 mov ds, ax                              
FA40:000B  8ec0                 mov es, ax                              
FA40:000D  8c163a01             mov word ptr [0x13a], ss                
FA40:0011  89263c01             mov word ptr [0x13c], sp                
FA40:0015  8ed0                 mov ss, ax                              
FA40:0017  bc3901               mov sp, 0x139                           
FA40:001A  50                   push ax                                 
FA40:001B  53                   push bx                                 
FA40:001C  51                   push cx                                 
FA40:001D  52                   push dx                                 
FA40:001E  56                   push si                                 
FA40:001F  57                   push di                                 
FA40:0020  55                   push bp                                 
FA40:0021  fb                   sti                                     
FA40:0022  e81300               call sub_0038                           
FA40:0025  5d                   pop bp                                  
FA40:0026  5f                   pop di                                  
FA40:0027  5e                   pop si                                  
FA40:0028  5a                   pop dx                                  
FA40:0029  59                   pop cx                                  
FA40:002A  5b                   pop bx                                  
FA40:002B  58                   pop ax                                  
FA40:002C  8e163a01             mov ss, word ptr [0x13a]                
FA40:0030  8b263c01             mov sp, word ptr [0x13c]                
FA40:0034  07                   pop es                                  
FA40:0035  1f                   pop ds                                  
FA40:0036  58                   pop ax                                  
FA40:0037  cb                   retf                                    

sub_0038:   ; xref 0022
FA40:0038  1e                   push ds                                 
FA40:0039  b800f0               mov ax, 0xf000                          
FA40:003C  8ed8                 mov ds, ax                              
FA40:003E  a0edff               mov al, byte ptr [0xffed]               
FA40:0041  26a23800             mov byte ptr es:[0x38], al              
FA40:0045  1f                   pop ds                                  
FA40:0046  b40f                 mov ah, 0xf                             
FA40:0048  cd10                 int 0x10                                ; BIOS/DOS service INT 0x10
FA40:004A  a27801               mov byte ptr [0x178], al                
FA40:004D  3c07                 cmp al, 7                               
FA40:004F  7512                 jne loc_0063                            
FA40:0051  c606c7120f           mov byte ptr [0x12c7], 0xf              
FA40:0056  c606c61207           mov byte ptr [0x12c6], 7                
FA40:005B  c606c8128f           mov byte ptr [0x12c8], 0x8f             
FA40:0060  eb10                 jmp loc_0072                            
FA40:0062  db 90h

loc_0063:   ; xref 004F
FA40:0063  c606c7121e           mov byte ptr [0x12c7], 0x1e             
FA40:0068  c606c6121b           mov byte ptr [0x12c6], 0x1b             
FA40:006D  c606c8129e           mov byte ptr [0x12c8], 0x9e             

loc_0072:   ; xref 0060
FA40:0072  3c0a                 cmp al, 0xa                             
FA40:0074  7405                 je loc_007B                             
FA40:0076  b80300               mov ax, 3                               
FA40:0079  cd10                 int 0x10                                ; BIOS/DOS service INT 0x10

loc_007B:   ; xref 0074
FA40:007B  e89d1a               call sub_1B1B                           
FA40:007E  e8e118               call sub_1962                           
FA40:0081  e81001               call sub_0194                           
FA40:0084  7303                 jae loc_0089                            
FA40:0086  eb70                 jmp loc_00F8                            
FA40:0088  db 90h

loc_0089:   ; xref 0084
FA40:0089  e87901               call sub_0205                           
FA40:008C  e86e00               call sub_00FD                           
FA40:008F  7303                 jae loc_0094                            
FA40:0091  eb65                 jmp loc_00F8                            
FA40:0093  db 90h

loc_0094:   ; xref 008F
FA40:0094  c70634000000         mov word ptr [0x34], 0                  
FA40:009A  f6060e0080           test byte ptr [0xe], 0x80               
FA40:009F  740e                 je loc_00AF                             
FA40:00A1  e85a00               call sub_00FE                           
FA40:00A4  e88c00               call sub_0133                           
FA40:00A7  e8af00               call sub_0159                           
FA40:00AA  e8ce0a               call sub_0B7B                           
FA40:00AD  eb16                 jmp loc_00C5                            

loc_00AF:   ; xref 009F
FA40:00AF  e8c200               call sub_0174                           
FA40:00B2  7409                 je loc_00BD                             
FA40:00B4  e87c00               call sub_0133                           
FA40:00B7  e89f00               call sub_0159                           
FA40:00BA  e8be0a               call sub_0B7B                           

loc_00BD:   ; xref 00B2
FA40:00BD  e8e913               call sub_14A9                           
FA40:00C0  7403                 je loc_00C5                             
FA40:00C2  e83900               call sub_00FE                           

loc_00C5:   ; xref 00AD 00C0
FA40:00C5  e84a02               call sub_0312                           
FA40:00C8  7227                 jb loc_00F1                             
FA40:00CA  833e340000           cmp word ptr [0x34], 0                  
FA40:00CF  7420                 je loc_00F1                             
FA40:00D1  e80501               call sub_01D9                           
FA40:00D4  b0d1                 mov al, 0xd1                            
FA40:00D6  e664                 out 0x64, al                            ; port 64h: KBC status/cmd
FA40:00D8  e6eb                 out 0xeb, al                            
FA40:00DA  e6eb                 out 0xeb, al                            
FA40:00DC  b0df                 mov al, 0xdf                            
FA40:00DE  e660                 out 0x60, al                            ; port 60h: KBC data
FA40:00E0  e6eb                 out 0xeb, al                            
FA40:00E2  e6eb                 out 0xeb, al                            
FA40:00E4  b0fe                 mov al, 0xfe                            
FA40:00E6  e664                 out 0x64, al                            ; port 64h: KBC status/cmd
FA40:00E8  e6eb                 out 0xeb, al                            
FA40:00EA  e6eb                 out 0xeb, al                            
FA40:00EC  2eff2ef900           ljmp cs:[0xf9]                          

loc_00F1:   ; xref 00C8 00CF
FA40:00F1  a07801               mov al, byte ptr [0x178]                
FA40:00F4  32e4                 xor ah, ah                              
FA40:00F6  cd10                 int 0x10                                ; BIOS/DOS service INT 0x10

loc_00F8:   ; xref 0086 0091
FA40:00F8  c3                   ret                                     
FA40:00F9  db F0h,FFh,00h,F0h

sub_00FD:   ; xref 008C
FA40:00FD  c3                   ret                                     

sub_00FE:   ; xref 00A1 00C2
FA40:00FE  bee61f               mov si, 0x1fe6                          
FA40:0101  bf0000               mov di, 0                               
FA40:0104  b90c00               mov cx, 0xc                             
FA40:0107  e84700               call sub_0151                           
FA40:010A  e81300               call sub_0120                           
FA40:010D  2ea01820             mov al, byte ptr cs:[0x2018]            
FA40:0111  a23200               mov byte ptr [0x32], al                 
FA40:0114  e81c01               call sub_0233                           
FA40:0117  7206                 jb loc_011F                             
FA40:0119  e80400               call sub_0120                           
FA40:011C  e8ba00               call sub_01D9                           

loc_011F:   ; xref 0117
FA40:011F  c3                   ret                                     

sub_0120:   ; xref 010A 0119
FA40:0120  2ea0f01f             mov al, byte ptr cs:[0x1ff0]            
FA40:0124  b60a                 mov dh, 0xa                             
FA40:0126  e8cd01               call sub_02F6                           
FA40:0129  2ea0f11f             mov al, byte ptr cs:[0x1ff1]            
FA40:012D  b60b                 mov dh, 0xb                             
FA40:012F  e8c401               call sub_02F6                           
FA40:0132  c3                   ret                                     

sub_0133:   ; xref 00A4 00B4
FA40:0133  bef41f               mov si, 0x1ff4                          
FA40:0136  bf0e00               mov di, 0xe                             
FA40:0139  b92600               mov cx, 0x26                            
FA40:013C  e81200               call sub_0151                           
FA40:013F  c70615008002         mov word ptr [0x15], 0x280              
FA40:0145  c70617000000         mov word ptr [0x17], 0                  
FA40:014B  830e340001           or word ptr [0x34], 1                   
FA40:0150  c3                   ret                                     

sub_0151:   ; xref 0107 013C 0156
FA40:0151  2e8a04               mov al, byte ptr cs:[si]                
FA40:0154  aa                   stosb byte ptr es:[di], al              
FA40:0155  46                   inc si                                  
FA40:0156  e2f9                 loop sub_0151                           
FA40:0158  c3                   ret                                     

sub_0159:   ; xref 00A7 00B7
FA40:0159  e84b0d               call sub_0EA7                           
FA40:015C  c6064c02e5           mov byte ptr [0x24c], 0xe5              
FA40:0161  c6064e0200           mov byte ptr [0x24e], 0                 
FA40:0166  c606420200           mov byte ptr [0x242], 0                 
FA40:016B  c6063e024e           mov byte ptr [0x23e], 0x4e              
FA40:0170  e85e0d               call sub_0ED1                           
FA40:0173  c3                   ret                                     

sub_0174:   ; xref 00AF 01DF
FA40:0174  be1000               mov si, 0x10                            
FA40:0177  b91e00               mov cx, 0x1e                            
FA40:017A  33c0                 xor ax, ax                              

loc_017C:   ; xref 0182
FA40:017C  0204                 add al, byte ptr [si]                   
FA40:017E  46                   inc si                                  
FA40:017F  80d400               adc ah, 0                               
FA40:0182  e2f8                 loop loc_017C                           
FA40:0184  86e0                 xchg al, ah                             
FA40:0186  3d0000               cmp ax, 0                               
FA40:0189  7504                 jne loc_018F                            
FA40:018B  0c01                 or al, 1                                
FA40:018D  eb04                 jmp loc_0193                            

loc_018F:   ; xref 0189
FA40:018F  3b062e00             cmp ax, word ptr [0x2e]                 

loc_0193:   ; xref 018D
FA40:0193  c3                   ret                                     

sub_0194:   ; xref 0081
FA40:0194  e8100d               call sub_0EA7                           
FA40:0197  50                   push ax                                 
FA40:0198  a03e02               mov al, byte ptr [0x23e]                
FA40:019B  a2c412               mov byte ptr [0x12c4], al               
FA40:019E  58                   pop ax                                  
FA40:019F  b60e                 mov dh, 0xe                             
FA40:01A1  b203                 mov dl, 3                               
FA40:01A3  bf0e00               mov di, 0xe                             
FA40:01A6  b92600               mov cx, 0x26                            

loc_01A9:   ; xref 01B3
FA40:01A9  e81701               call sub_02C3                           
FA40:01AC  e82301               call sub_02D2                           
FA40:01AF  7405                 je loc_01B6                             
FA40:01B1  feca                 dec dl                                  
FA40:01B3  75f4                 jne loc_01A9                            
FA40:01B5  f9                   stc                                     

loc_01B6:   ; xref 01AF
FA40:01B6  7304                 jae loc_01BC                            
FA40:01B8  e84e01               call sub_0309                           
FA40:01BB  f9                   stc                                     

loc_01BC:   ; xref 01B6
FA40:01BC  c3                   ret                                     

sub_01BD:   ; xref 1243
FA40:01BD  e670                 out 0x70, al                            ; port 70h: CMOS index/NMI
FA40:01BF  e6eb                 out 0xeb, al                            
FA40:01C1  e6eb                 out 0xeb, al                            
FA40:01C3  e471                 in al, 0x71                             ; port 71h: CMOS data
FA40:01C5  e6eb                 out 0xeb, al                            
FA40:01C7  e6eb                 out 0xeb, al                            
FA40:01C9  c3                   ret                                     
FA40:01CA  db E6h,70h,E6h,EBh,E6h,EBh,86h,E0h,E6h,71h,E6h,EBh,E6h,EBh,C3h

sub_01D9:   ; xref 00D1 011C
FA40:01D9  e8f50c               call sub_0ED1                           
FA40:01DC  e89c09               call sub_0B7B                           
FA40:01DF  e892ff               call sub_0174                           
FA40:01E2  a32e00               mov word ptr [0x2e], ax                 
FA40:01E5  b203                 mov dl, 3                               
FA40:01E7  b60e                 mov dh, 0xe                             
FA40:01E9  be0e00               mov si, 0xe                             
FA40:01EC  8bfe                 mov di, si                              
FA40:01EE  b92600               mov cx, 0x26                            

loc_01F1:   ; xref 01FB
FA40:01F1  e8c000               call sub_02B4                           
FA40:01F4  e8db00               call sub_02D2                           
FA40:01F7  7405                 je loc_01FE                             
FA40:01F9  feca                 dec dl                                  
FA40:01FB  75f4                 jne loc_01F1                            
FA40:01FD  f9                   stc                                     

loc_01FE:   ; xref 01F7
FA40:01FE  7304                 jae loc_0204                            

loc_0200:   ; xref 1691
FA40:0200  e80601               call sub_0309                           
FA40:0203  f9                   stc                                     

loc_0204:   ; xref 01FE
FA40:0204  c3                   ret                                     

sub_0205:   ; xref 0089 14F9
FA40:0205  50                   push ax                                 
FA40:0206  53                   push bx                                 
FA40:0207  51                   push cx                                 
FA40:0208  57                   push di                                 
FA40:0209  56                   push si                                 
FA40:020A  e85300               call sub_0260                           
FA40:020D  b203                 mov dl, 3                               
FA40:020F  b600                 mov dh, 0                               
FA40:0211  bf0000               mov di, 0                               
FA40:0214  b90a00               mov cx, 0xa                             

loc_0217:   ; xref 0221
FA40:0217  e8a900               call sub_02C3                           
FA40:021A  e8b500               call sub_02D2                           
FA40:021D  7405                 je loc_0224                             
FA40:021F  feca                 dec dl                                  
FA40:0221  75f4                 jne loc_0217                            
FA40:0223  f9                   stc                                     

loc_0224:   ; xref 021D
FA40:0224  7304                 jae loc_022A                            
FA40:0226  e8e000               call sub_0309                           
FA40:0229  f9                   stc                                     

loc_022A:   ; xref 0224
FA40:022A  e87900               call sub_02A6                           
FA40:022D  5e                   pop si                                  
FA40:022E  5f                   pop di                                  
FA40:022F  59                   pop cx                                  
FA40:0230  5b                   pop bx                                  
FA40:0231  58                   pop ax                                  
FA40:0232  c3                   ret                                     

sub_0233:   ; xref 0114 10CB 1120 14FF
FA40:0233  50                   push ax                                 
FA40:0234  53                   push bx                                 
FA40:0235  51                   push cx                                 
FA40:0236  57                   push di                                 
FA40:0237  56                   push si                                 
FA40:0238  e82500               call sub_0260                           
FA40:023B  b203                 mov dl, 3                               
FA40:023D  b600                 mov dh, 0                               
FA40:023F  be0000               mov si, 0                               
FA40:0242  8bfe                 mov di, si                              
FA40:0244  b90a00               mov cx, 0xa                             

loc_0247:   ; xref 0251
FA40:0247  e86a00               call sub_02B4                           
FA40:024A  e88500               call sub_02D2                           
FA40:024D  7408                 je loc_0257                             
FA40:024F  feca                 dec dl                                  
FA40:0251  75f4                 jne loc_0247                            
FA40:0253  e8b300               call sub_0309                           
FA40:0256  f9                   stc                                     

loc_0257:   ; xref 024D
FA40:0257  e84c00               call sub_02A6                           
FA40:025A  5e                   pop si                                  
FA40:025B  5f                   pop di                                  
FA40:025C  59                   pop cx                                  
FA40:025D  5b                   pop bx                                  
FA40:025E  58                   pop ax                                  
FA40:025F  c3                   ret                                     

sub_0260:   ; xref 020A 0238
FA40:0260  9c                   pushf                                   
FA40:0261  fa                   cli                                     
FA40:0262  e80f00               call sub_0274                           
FA40:0265  e82500               call sub_028D                           
FA40:0268  b60b                 mov dh, 0xb                             
FA40:026A  e87800               call sub_02E5                           
FA40:026D  0c80                 or al, 0x80                             
FA40:026F  e88400               call sub_02F6                           
FA40:0272  9d                   popf                                    
FA40:0273  c3                   ret                                     

sub_0274:   ; xref 0262
FA40:0274  51                   push cx                                 
FA40:0275  50                   push ax                                 
FA40:0276  b405                 mov ah, 5                               

loc_0278:   ; xref 0288
FA40:0278  b9ffff               mov cx, 0xffff                          

loc_027B:   ; xref 0282
FA40:027B  b60a                 mov dh, 0xa                             
FA40:027D  e86500               call sub_02E5                           
FA40:0280  a880                 test al, 0x80                           
FA40:0282  e1f7                 loope loc_027B                          
FA40:0284  7504                 jne loc_028A                            
FA40:0286  fecc                 dec ah                                  
FA40:0288  75ee                 jne loc_0278                            

loc_028A:   ; xref 0284
FA40:028A  58                   pop ax                                  
FA40:028B  59                   pop cx                                  
FA40:028C  c3                   ret                                     

sub_028D:   ; xref 0265
FA40:028D  51                   push cx                                 
FA40:028E  50                   push ax                                 
FA40:028F  b405                 mov ah, 5                               

loc_0291:   ; xref 02A1
FA40:0291  b9ffff               mov cx, 0xffff                          

loc_0294:   ; xref 029B
FA40:0294  b60a                 mov dh, 0xa                             
FA40:0296  e84c00               call sub_02E5                           
FA40:0299  a880                 test al, 0x80                           
FA40:029B  e0f7                 loopne loc_0294                         
FA40:029D  7404                 je loc_02A3                             
FA40:029F  fecc                 dec ah                                  
FA40:02A1  75ee                 jne loc_0291                            

loc_02A3:   ; xref 029D
FA40:02A3  58                   pop ax                                  
FA40:02A4  59                   pop cx                                  
FA40:02A5  c3                   ret                                     

sub_02A6:   ; xref 022A 0257
FA40:02A6  9c                   pushf                                   
FA40:02A7  fa                   cli                                     
FA40:02A8  b60b                 mov dh, 0xb                             
FA40:02AA  e83800               call sub_02E5                           
FA40:02AD  247f                 and al, 0x7f                            
FA40:02AF  e84400               call sub_02F6                           
FA40:02B2  9d                   popf                                    
FA40:02B3  c3                   ret                                     

sub_02B4:   ; xref 01F1 0247 0EF7
FA40:02B4  51                   push cx                                 
FA40:02B5  52                   push dx                                 
FA40:02B6  56                   push si                                 

loc_02B7:   ; xref 02BD
FA40:02B7  ac                   lodsb al, byte ptr [si]                 
FA40:02B8  e83b00               call sub_02F6                           
FA40:02BB  fec6                 inc dh                                  
FA40:02BD  e2f8                 loop loc_02B7                           
FA40:02BF  5e                   pop si                                  
FA40:02C0  5a                   pop dx                                  
FA40:02C1  59                   pop cx                                  
FA40:02C2  c3                   ret                                     

sub_02C3:   ; xref 01A9 0217 0ECD
FA40:02C3  51                   push cx                                 
FA40:02C4  52                   push dx                                 
FA40:02C5  57                   push di                                 

loc_02C6:   ; xref 02CC
FA40:02C6  e81c00               call sub_02E5                           
FA40:02C9  aa                   stosb byte ptr es:[di], al              
FA40:02CA  fec6                 inc dh                                  
FA40:02CC  e2f8                 loop loc_02C6                           
FA40:02CE  5f                   pop di                                  
FA40:02CF  5a                   pop dx                                  
FA40:02D0  59                   pop cx                                  
FA40:02D1  c3                   ret                                     

sub_02D2:   ; xref 01AC 01F4 021A 024A
FA40:02D2  51                   push cx                                 
FA40:02D3  52                   push dx                                 
FA40:02D4  57                   push di                                 

loc_02D5:   ; xref 02DD
FA40:02D5  e80d00               call sub_02E5                           
FA40:02D8  ae                   scasb al, byte ptr es:[di]              
FA40:02D9  7506                 jne loc_02E1                            
FA40:02DB  fec6                 inc dh                                  
FA40:02DD  e2f6                 loop loc_02D5                           
FA40:02DF  33c9                 xor cx, cx                              

loc_02E1:   ; xref 02D9
FA40:02E1  5f                   pop di                                  
FA40:02E2  5a                   pop dx                                  
FA40:02E3  59                   pop cx                                  
FA40:02E4  c3                   ret                                     

sub_02E5:   ; xref 026A 027D 0296 02AA 02C6 02D5
FA40:02E5  8ac6                 mov al, dh                              
FA40:02E7  0c80                 or al, 0x80                             
FA40:02E9  e670                 out 0x70, al                            ; port 70h: CMOS index/NMI
FA40:02EB  e6eb                 out 0xeb, al                            
FA40:02ED  e6eb                 out 0xeb, al                            
FA40:02EF  e471                 in al, 0x71                             ; port 71h: CMOS data
FA40:02F1  e6eb                 out 0xeb, al                            
FA40:02F3  e6eb                 out 0xeb, al                            
FA40:02F5  c3                   ret                                     

sub_02F6:   ; xref 0126 012F 026F 02AF 02B8
FA40:02F6  50                   push ax                                 
FA40:02F7  8ac6                 mov al, dh                              
FA40:02F9  0c80                 or al, 0x80                             
FA40:02FB  e670                 out 0x70, al                            ; port 70h: CMOS index/NMI
FA40:02FD  e6eb                 out 0xeb, al                            
FA40:02FF  e6eb                 out 0xeb, al                            
FA40:0301  58                   pop ax                                  
FA40:0302  e671                 out 0x71, al                            ; port 71h: CMOS data
FA40:0304  e6eb                 out 0xeb, al                            
FA40:0306  e6eb                 out 0xeb, al                            
FA40:0308  c3                   ret                                     

sub_0309:   ; xref 01B8 0200 0226 0253
FA40:0309  e88417               call sub_1A90                           
FA40:030C  dw 044Ch   ; inline argument  -> 24FCh "*** CMOS Device is bad.\r\n"
FA40:030E  e87916               call sub_198A                           
FA40:0311  c3                   ret                                     

sub_0312:   ; xref 00C5
FA40:0312  e81116               call sub_1926                           
FA40:0315  e80e13               call sub_1626                           
FA40:0318  e8e210               call sub_13FD                           
FA40:031B  e81a13               call sub_1638                           
FA40:031E  c6063e0100           mov byte ptr [0x13e], 0                 
FA40:0323  f70634000800         test word ptr [0x34], 8                 
FA40:0329  7405                 je loc_0330                             
FA40:032B  c6063e0107           mov byte ptr [0x13e], 7                 

loc_0330:   ; xref 0329
FA40:0330  e8290c               call sub_0F5C                           

loc_0333:   ; xref 03E5
FA40:0333  e84e18               call sub_1B84                           
FA40:0336  3d3c00               cmp ax, 0x3c                            
FA40:0339  750e                 jne loc_0349                            
FA40:033B  e81418               call sub_1B52                           
FA40:033E  50                   push ax                                 
FA40:033F  e8fb04               call sub_083D                           
FA40:0342  58                   pop ax                                  
FA40:0343  e8fb17               call sub_1B41                           
FA40:0346  e99c00               jmp loc_03E5                            

loc_0349:   ; xref 0339
FA40:0349  80fc56               cmp ah, 0x56                            
FA40:034C  7506                 jne loc_0354                            
FA40:034E  e82e19               call sub_1C7F                           
FA40:0351  e99100               jmp loc_03E5                            

loc_0354:   ; xref 034C
FA40:0354  80fc76               cmp ah, 0x76                            
FA40:0357  7506                 jne loc_035F                            
FA40:0359  e82319               call sub_1C7F                           
FA40:035C  e98600               jmp loc_03E5                            

loc_035F:   ; xref 0357
FA40:035F  3d5000               cmp ax, 0x50                            
FA40:0362  7505                 jne loc_0369                            
FA40:0364  e8c10b               call sub_0F28                           
FA40:0367  eb7c                 jmp loc_03E5                            

loc_0369:   ; xref 0362
FA40:0369  3d4800               cmp ax, 0x48                            
FA40:036C  7505                 jne loc_0373                            
FA40:036E  e8b304               call sub_0824                           
FA40:0371  eb72                 jmp loc_03E5                            

loc_0373:   ; xref 036C
FA40:0373  80fc1b               cmp ah, 0x1b                            
FA40:0376  7506                 jne loc_037E                            
FA40:0378  f9                   stc                                     
FA40:0379  eb6d                 jmp loc_03E8                            
FA40:037B  db 90h,EBh,67h

loc_037E:   ; xref 0376
FA40:037E  3d4f00               cmp ax, 0x4f                            
FA40:0381  7506                 jne loc_0389                            
FA40:0383  f8                   clc                                     
FA40:0384  eb62                 jmp loc_03E8                            
FA40:0386  db 90h,EBh,5Ch

loc_0389:   ; xref 0381
FA40:0389  80fc0d               cmp ah, 0xd                             
FA40:038C  751b                 jne loc_03A9                            
FA40:038E  803d00               cmp byte ptr [di], 0                    
FA40:0391  740f                 je loc_03A2                             
FA40:0393  e83b04               call sub_07D1                           
FA40:0396  7305                 jae loc_039D                            
FA40:0398  e8b20c               call sub_104D                           
FA40:039B  eb03                 jmp loc_03A0                            

loc_039D:   ; xref 0396
FA40:039D  e87904               call sub_0819                           

loc_03A0:   ; xref 039B
FA40:03A0  eb05                 jmp loc_03A7                            

loc_03A2:   ; xref 0391
FA40:03A2  b007                 mov al, 7                               
FA40:03A4  e8dc16               call sub_1A83                           

loc_03A7:   ; xref 03A0
FA40:03A7  eb3c                 jmp loc_03E5                            

loc_03A9:   ; xref 038C
FA40:03A9  3d5300               cmp ax, 0x53                            
FA40:03AC  7505                 jne loc_03B3                            
FA40:03AE  e80104               call sub_07B2                           
FA40:03B1  eb32                 jmp loc_03E5                            

loc_03B3:   ; xref 03AC
FA40:03B3  80fc50               cmp ah, 0x50                            
FA40:03B6  7505                 jne loc_03BD                            
FA40:03B8  e83b19               call sub_1CF6                           
FA40:03BB  eb28                 jmp loc_03E5                            

loc_03BD:   ; xref 03B6
FA40:03BD  80fc70               cmp ah, 0x70                            
FA40:03C0  7505                 jne loc_03C7                            
FA40:03C2  e83119               call sub_1CF6                           
FA40:03C5  eb1e                 jmp loc_03E5                            

loc_03C7:   ; xref 03C0
FA40:03C7  80fc08               cmp ah, 8                               
FA40:03CA  7505                 jne loc_03D1                            
FA40:03CC  e8e303               call sub_07B2                           
FA40:03CF  eb14                 jmp loc_03E5                            

loc_03D1:   ; xref 03CA
FA40:03D1  80fc30               cmp ah, 0x30                            
FA40:03D4  720a                 jb loc_03E0                             
FA40:03D6  80fc39               cmp ah, 0x39                            
FA40:03D9  7705                 ja loc_03E0                             
FA40:03DB  e8af03               call sub_078D                           
FA40:03DE  eb05                 jmp loc_03E5                            

loc_03E0:   ; xref 03D4 03D9
FA40:03E0  b007                 mov al, 7                               
FA40:03E2  e89e16               call sub_1A83                           

loc_03E5:   ; xref 0346 0351 035C 0367 0371 03A7 03B1 03BB ...
FA40:03E5  e94bff               jmp loc_0333                            

loc_03E8:   ; xref 0379 0384
FA40:03E8  c3                   ret                                     

sub_03E9:   ; xref 1CFE 1D0B
FA40:03E9  e8a715               call sub_1993                           
FA40:03EC  e8a116               call sub_1A90                           
FA40:03EF  dw 0467h   ; inline argument  -> 2517h
FA40:03F1  803e3e0104           cmp byte ptr [0x13e], 4                 
FA40:03F6  7506                 jne loc_03FE                            
FA40:03F8  e84713               call sub_1742                           
FA40:03FB  eb04                 jmp loc_0401                            
FA40:03FD  db 90h

loc_03FE:   ; xref 03F6
FA40:03FE  e84d13               call sub_174E                           

loc_0401:   ; xref 03FB
FA40:0401  e88c16               call sub_1A90                           
FA40:0406  b400                 mov ah, 0                               
FA40:0408  2c01                 sub al, 1                               
FA40:040A  e86300               call sub_0470                           
FA40:040D  e83601               call sub_0546                           
FA40:0410  e87d16               call sub_1A90                           
FA40:0413  dw 047Ch   ; inline argument  -> 252Ch " Bytes  \r\n"
FA40:0415  b80a15               mov ax, 0x150a                          
FA40:0418  e8fd18               call sub_1D18                           
FA40:041B  e87216               call sub_1A90                           
FA40:041E  dw 0488h   ; inline argument  -> 2538h "Cylinders__"
FA40:0420  a14402               mov ax, word ptr [0x244]                
FA40:0423  e83300               call sub_0459                           
FA40:0426  e86716               call sub_1A90                           
FA40:0429  dw 0496h   ; inline argument  -> 2546h ", Heads__"
FA40:042B  a04a02               mov al, byte ptr [0x24a]                
FA40:042E  b400                 mov ah, 0                               
FA40:0430  e82600               call sub_0459                           
FA40:0433  e85a16               call sub_1A90                           
FA40:0436  dw 04A1h   ; inline argument  -> 2551h ", Sectors/track__"
FA40:0438  a05002               mov al, byte ptr [0x250]                
FA40:043B  b400                 mov ah, 0                               
FA40:043D  e81900               call sub_0459                           
FA40:0440  e84d16               call sub_1A90                           
FA40:0443  dw 04B4h   ; inline argument  -> 2564h
FA40:0445  8a1ec712             mov bl, byte ptr [0x12c7]               
FA40:0449  e8a20b               call sub_0FEE                           
FA40:044C  e83b15               call sub_198A                           
FA40:044F  e81615               call sub_1968                           
FA40:0452  b80310               mov ax, 0x1003                          
FA40:0455  e8e916               call sub_1B41                           
FA40:0458  c3                   ret                                     

sub_0459:   ; xref 0423 0430 043D
FA40:0459  a37901               mov word ptr [0x179], ax                
FA40:045C  b80200               mov ax, 2                               
FA40:045F  e84600               call sub_04A8                           
FA40:0462  bb0000               mov bx, 0                               
FA40:0465  8b871a02             mov ax, word ptr [bx + 0x21a]           
FA40:0469  b90400               mov cx, 4                               
FA40:046C  e80314               call sub_1872                           
FA40:046F  c3                   ret                                     

sub_0470:   ; xref 040A
FA40:0470  3cff                 cmp al, 0xff                            
FA40:0472  7507                 jne loc_047B                            
FA40:0474  33c0                 xor ax, ax                              
FA40:0476  33ff                 xor di, di                              
FA40:0478  eb22                 jmp loc_049C                            
FA40:047A  db 90h

loc_047B:   ; xref 0472
FA40:047B  6bc010               imul ax, ax, 0x10                       
FA40:047E  8bf0                 mov si, ax                              
FA40:0480  1e                   push ds                                 
FA40:0481  b800f0               mov ax, 0xf000                          
FA40:0484  8ed8                 mov ds, ax                              
FA40:0486  bb0000               mov bx, 0                               
FA40:0489  8bb801e4             mov di, word ptr [bx + si - 0x1bff]     
FA40:048D  bb0200               mov bx, 2                               
FA40:0490  8a8001e4             mov al, byte ptr [bx + si - 0x1bff]     
FA40:0494  bb0e00               mov bx, 0xe                             
FA40:0497  8aa001e4             mov ah, byte ptr [bx + si - 0x1bff]     
FA40:049B  1f                   pop ds                                  

loc_049C:   ; xref 0478
FA40:049C  88265002             mov byte ptr [0x250], ah                
FA40:04A0  a24a02               mov byte ptr [0x24a], al                
FA40:04A3  893e4402             mov word ptr [0x244], di                
FA40:04A7  c3                   ret                                     

sub_04A8:   ; xref 045F 05A5
FA40:04A8  bb0000               mov bx, 0                               
FA40:04AB  8bfb                 mov di, bx                              
FA40:04AD  891e9a01             mov word ptr [0x19a], bx                
FA40:04B1  891eda01             mov word ptr [0x1da], bx                
FA40:04B5  891e1a02             mov word ptr [0x21a], bx                

loc_04B9:   ; xref 04D1
FA40:04B9  8a977901             mov dl, byte ptr [bx + 0x179]           
FA40:04BD  b104                 mov cl, 4                               
FA40:04BF  8af2                 mov dh, dl                              
FA40:04C1  d2ee                 shr dh, cl                              
FA40:04C3  81e20f0f             and dx, 0xf0f                           
FA40:04C7  8995da01             mov word ptr [di + 0x1da], dx           
FA40:04CB  83c702               add di, 2                               
FA40:04CE  43                   inc bx                                  
FA40:04CF  3bd8                 cmp bx, ax                              
FA40:04D1  75e6                 jne loc_04B9                            
FA40:04D3  6bc002               imul ax, ax, 2                          
FA40:04D6  b90000               mov cx, 0                               
FA40:04D9  bb0000               mov bx, 0                               

loc_04DC:   ; xref 0525
FA40:04DC  50                   push ax                                 
FA40:04DD  8a87da01             mov al, byte ptr [bx + 0x1da]           
FA40:04E1  0400                 add al, 0                               
FA40:04E3  27                   daa                                     
FA40:04E4  51                   push cx                                 
FA40:04E5  53                   push bx                                 
FA40:04E6  a29a01               mov byte ptr [0x19a], al                
FA40:04E9  83f900               cmp cx, 0                               
FA40:04EC  7403                 je loc_04F1                             
FA40:04EE  e83700               call sub_0528                           

loc_04F1:   ; xref 04EC
FA40:04F1  2bdb                 sub bx, bx                              
FA40:04F3  9c                   pushf                                   

loc_04F4:   ; xref 0507
FA40:04F4  9d                   popf                                    
FA40:04F5  8a879a01             mov al, byte ptr [bx + 0x19a]           
FA40:04F9  12871a02             adc al, byte ptr [bx + 0x21a]           
FA40:04FD  27                   daa                                     
FA40:04FE  88871a02             mov byte ptr [bx + 0x21a], al           
FA40:0502  43                   inc bx                                  
FA40:0503  9c                   pushf                                   
FA40:0504  83fb05               cmp bx, 5                               
FA40:0507  75eb                 jne loc_04F4                            
FA40:0509  9d                   popf                                    
FA40:050A  5b                   pop bx                                  
FA40:050B  59                   pop cx                                  
FA40:050C  83c104               add cx, 4                               
FA40:050F  43                   inc bx                                  
FA40:0510  c7069a010000         mov word ptr [0x19a], 0                 
FA40:0516  c7069c010000         mov word ptr [0x19c], 0                 
FA40:051C  c7069e010000         mov word ptr [0x19e], 0                 
FA40:0522  58                   pop ax                                  
FA40:0523  3bd8                 cmp bx, ax                              
FA40:0525  75b5                 jne loc_04DC                            
FA40:0527  c3                   ret                                     

sub_0528:   ; xref 04EE
FA40:0528  90                   nop                                     

loc_0529:   ; xref 0543
FA40:0529  2bdb                 sub bx, bx                              
FA40:052B  9c                   pushf                                   

loc_052C:   ; xref 053F
FA40:052C  9d                   popf                                    
FA40:052D  8a879a01             mov al, byte ptr [bx + 0x19a]           
FA40:0531  12879a01             adc al, byte ptr [bx + 0x19a]           
FA40:0535  27                   daa                                     
FA40:0536  88879a01             mov byte ptr [bx + 0x19a], al           
FA40:053A  43                   inc bx                                  
FA40:053B  9c                   pushf                                   
FA40:053C  83fb05               cmp bx, 5                               
FA40:053F  75eb                 jne loc_052C                            
FA40:0541  9d                   popf                                    
FA40:0542  49                   dec cx                                  
FA40:0543  75e4                 jne loc_0529                            
FA40:0545  c3                   ret                                     

sub_0546:   ; xref 040D
FA40:0546  b80000               mov ax, 0                               
FA40:0549  a05002               mov al, byte ptr [0x250]                
FA40:054C  69c00002             imul ax, ax, 0x200                      
FA40:0550  8bd8                 mov bx, ax                              
FA40:0552  b90000               mov cx, 0                               
FA40:0555  8a0e4a02             mov cl, byte ptr [0x24a]                
FA40:0559  b80000               mov ax, 0                               
FA40:055C  a14402               mov ax, word ptr [0x244]                
FA40:055F  ba0000               mov dx, 0                               
FA40:0562  f7e1                 mul cx                                  
FA40:0564  f7e3                 mul bx                                  
FA40:0566  e80400               call sub_056D                           
FA40:0569  e83d00               call sub_05A9                           
FA40:056C  c3                   ret                                     

sub_056D:   ; xref 0566
FA40:056D  bb0000               mov bx, 0                               

loc_0570:   ; xref 058A
FA40:0570  c687790100           mov byte ptr [bx + 0x179], 0            
FA40:0575  c6871a0200           mov byte ptr [bx + 0x21a], 0            
FA40:057A  c787da010000         mov word ptr [bx + 0x1da], 0            
FA40:0580  c7879a010000         mov word ptr [bx + 0x19a], 0            
FA40:0586  43                   inc bx                                  
FA40:0587  83fb10               cmp bx, 0x10                            
FA40:058A  75e4                 jne loc_0570                            
FA40:058C  bb0000               mov bx, 0                               
FA40:058F  88877901             mov byte ptr [bx + 0x179], al           
FA40:0593  43                   inc bx                                  
FA40:0594  88a77901             mov byte ptr [bx + 0x179], ah           
FA40:0598  43                   inc bx                                  
FA40:0599  88977901             mov byte ptr [bx + 0x179], dl           
FA40:059D  43                   inc bx                                  
FA40:059E  88b77901             mov byte ptr [bx + 0x179], dh           
FA40:05A2  b80400               mov ax, 4                               
FA40:05A5  e800ff               call sub_04A8                           
FA40:05A8  c3                   ret                                     

sub_05A9:   ; xref 0569
FA40:05A9  60                   pushaw                                  
FA40:05AA  bb0300               mov bx, 3                               
FA40:05AD  8b871a02             mov ax, word ptr [bx + 0x21a]           
FA40:05B1  3d0000               cmp ax, 0                               
FA40:05B4  7508                 jne loc_05BE                            
FA40:05B6  e8d714               call sub_1A90                           
FA40:05B9  dw 04B8h   ; inline argument  -> 2568h
FA40:05BB  eb58                 jmp loc_0615                            
FA40:05BD  db 90h

loc_05BE:   ; xref 05B4
FA40:05BE  bf0000               mov di, 0                               
FA40:05C1  bb0500               mov bx, 5                               

loc_05C4:   ; xref 05DC
FA40:05C4  8a871a02             mov al, byte ptr [bx + 0x21a]           
FA40:05C8  3c00                 cmp al, 0                               
FA40:05CA  7512                 jne loc_05DE                            
FA40:05CC  83c702               add di, 2                               
FA40:05CF  83fb04               cmp bx, 4                               
FA40:05D2  7505                 jne loc_05D9                            
FA40:05D4  e8b914               call sub_1A90                           
FA40:05D7  dw 04C6h   ; inline argument  -> 2576h

loc_05D9:   ; xref 05D2
FA40:05D9  83eb01               sub bx, 1                               
FA40:05DC  73e6                 jae loc_05C4                            

loc_05DE:   ; xref 05CA
FA40:05DE  e88b00               call sub_066C                           
FA40:05E1  80fc00               cmp ah, 0                               
FA40:05E4  7518                 jne loc_05FE                            
FA40:05E6  e8cd00               call sub_06B6                           
FA40:05E9  83c702               add di, 2                               
FA40:05EC  e8aa00               call sub_0699                           

loc_05EF:   ; xref 0613
FA40:05EF  83eb01               sub bx, 1                               
FA40:05F2  7303                 jae loc_05F7                            
FA40:05F4  eb1f                 jmp loc_0615                            
FA40:05F6  db 90h

loc_05F7:   ; xref 05F2
FA40:05F7  8a871a02             mov al, byte ptr [bx + 0x21a]           
FA40:05FB  e86e00               call sub_066C                           

loc_05FE:   ; xref 05E4
FA40:05FE  86e0                 xchg al, ah                             
FA40:0600  053030               add ax, 0x3030                          
FA40:0603  e87000               call sub_0676                           
FA40:0606  47                   inc di                                  
FA40:0607  e88f00               call sub_0699                           
FA40:060A  8ac4                 mov al, ah                              
FA40:060C  e86700               call sub_0676                           
FA40:060F  47                   inc di                                  
FA40:0610  e88600               call sub_0699                           
FA40:0613  ebda                 jmp loc_05EF                            

loc_0615:   ; xref 05BB 05F4
FA40:0615  61                   popaw                                   
FA40:0616  c3                   ret                                     
FA40:0617  db 60h,BBh,00h,00h,8Bh,87h,1Ah,02h,3Dh,00h,00h,75h,08h,E8h,69h,14h
FA40:0627  db CAh,04h,EBh,3Fh,90h,BBh,02h,00h,8Ah,87h,1Ah,02h,3Ch,00h,75h,0Ah
FA40:0637  db E8h,56h,14h,D2h,04h,83h,EBh,01h,73h,EEh,E8h,28h,00h,80h,FCh,00h
FA40:0647  db 75h,12h,E8h,6Ah,00h,83h,EBh,01h,73h,03h,EBh,17h,90h,8Ah,87h,1Ah
FA40:0657  db 02h,E8h,11h,00h,86h,E0h,05h,30h,30h,E8h,13h,00h,8Ah,C4h,E8h,0Eh
FA40:0667  db 00h,EBh,E2h,61h,C3h

sub_066C:   ; xref 05DE 05FB
FA40:066C  b104                 mov cl, 4                               
FA40:066E  8ae0                 mov ah, al                              
FA40:0670  d2ec                 shr ah, cl                              
FA40:0672  250f0f               and ax, 0xf0f                           
FA40:0675  c3                   ret                                     

sub_0676:   ; xref 0603 060C 06BF
FA40:0676  60                   pushaw                                  
FA40:0677  50                   push ax                                 
FA40:0678  b403                 mov ah, 3                               
FA40:067A  cd10                 int 0x10                                ; BIOS/DOS service INT 0x10
FA40:067C  58                   pop ax                                  
FA40:067D  53                   push bx                                 
FA40:067E  52                   push dx                                 
FA40:067F  b90100               mov cx, 1                               
FA40:0682  8a1ec612             mov bl, byte ptr [0x12c6]               
FA40:0686  b700                 mov bh, 0                               
FA40:0688  50                   push ax                                 
FA40:0689  b409                 mov ah, 9                               
FA40:068B  cd10                 int 0x10                                ; BIOS/DOS service INT 0x10
FA40:068D  58                   pop ax                                  
FA40:068E  5a                   pop dx                                  
FA40:068F  5b                   pop bx                                  
FA40:0690  42                   inc dx                                  
FA40:0691  50                   push ax                                 
FA40:0692  b402                 mov ah, 2                               
FA40:0694  cd10                 int 0x10                                ; BIOS/DOS service INT 0x10
FA40:0696  58                   pop ax                                  
FA40:0697  61                   popaw                                   
FA40:0698  c3                   ret                                     

sub_0699:   ; xref 05EC 0607 0610
FA40:0699  50                   push ax                                 
FA40:069A  83ff03               cmp di, 3                               
FA40:069D  7503                 jne loc_06A2                            
FA40:069F  eb0e                 jmp loc_06AF                            
FA40:06A1  db 90h

loc_06A2:   ; xref 069D
FA40:06A2  83ff06               cmp di, 6                               
FA40:06A5  7503                 jne loc_06AA                            
FA40:06A7  eb06                 jmp loc_06AF                            
FA40:06A9  db 90h

loc_06AA:   ; xref 06A5
FA40:06AA  83ff09               cmp di, 9                               
FA40:06AD  7505                 jne loc_06B4                            

loc_06AF:   ; xref 069F 06A7
FA40:06AF  e8de13               call sub_1A90                           
FA40:06B2  dw 04D6h   ; inline argument  -> 2586h

loc_06B4:   ; xref 06AD
FA40:06B4  58                   pop ax                                  
FA40:06B5  c3                   ret                                     

sub_06B6:   ; xref 05E6
FA40:06B6  50                   push ax                                 
FA40:06B7  e8d613               call sub_1A90                           
FA40:06BA  dw 04D9h   ; inline argument  -> 2589h
FA40:06BC  58                   pop ax                                  
FA40:06BD  0430                 add al, 0x30                            
FA40:06BF  e8b4ff               call sub_0676                           
FA40:06C2  c3                   ret                                     

sub_06C3:   ; xref 1CE4
FA40:06C3  1e                   push ds                                 
FA40:06C4  b403                 mov ah, 3                               
FA40:06C6  cd10                 int 0x10                                ; BIOS/DOS service INT 0x10
FA40:06C8  52                   push dx                                 
FA40:06C9  e85916               call sub_1D25                           
FA40:06CC  33db                 xor bx, bx                              
FA40:06CE  b81211               mov ax, 0x1112                          
FA40:06D1  cd10                 int 0x10                                ; BIOS/DOS service INT 0x10
FA40:06D3  e84514               call sub_1B1B                           
FA40:06D6  e8b713               call sub_1A90                           
FA40:06D9  dw 04DCh   ; inline argument  -> 258Ch "                      MONITOR SELECTION                   "
FA40:06DB  e8b213               call sub_1A90                           
FA40:06DE  dw 0519h   ; inline argument  -> 25C9h "  Select the Monitor type that best describes your Monitor"
FA40:06E0  e8ad13               call sub_1A90                           
FA40:06E3  dw 0556h   ; inline argument  -> 2606h " Monitor type                           Resolution   Vertica"
FA40:06E5  e8a813               call sub_1A90                           
FA40:06E8  dw 05A2h   ; inline argument  -> 2652h "                                                    Scan Fre"
FA40:06EA  e8a313               call sub_1A90                           
FA40:06ED  dw 05E3h   ; inline argument  -> 2693h "\n 0 = Standard VGA Color/Mono              640x480     60Hz"
FA40:06EF  e89e13               call sub_1A90                           
FA40:06F2  dw 062Eh   ; inline argument  -> 26DEh "     3297-0131/0251,3298-0131/0231/0251"
FA40:06F4  e89913               call sub_1A90                           
FA40:06F7  dw 0658h   ; inline argument  -> 2708h "\r 1 = VGA+ (NEC 2A or compatible)          640x480     60Hz"
FA40:06F9  e89413               call sub_1A90                           
FA40:06FC  dw 06A8h   ; inline argument  -> 2758h "     3297-0271                            800x600     56Hz"
FA40:06FE  e88f13               call sub_1A90                           
FA40:0701  dw 06E5h   ; inline argument  -> 2795h " 2 = SVGA                                 640x480     60Hz  "
FA40:0703  e88a13               call sub_1A90                           
FA40:0706  dw 0735h   ; inline argument  -> 27E5h "     3298-0232                            800x600     56Hz"
FA40:0708  e88513               call sub_1A90                           
FA40:070B  dw 0772h   ; inline argument  -> 2822h "                                         1024x768     87Hz I"
FA40:070D  e88013               call sub_1A90                           
FA40:0710  dw 07B4h   ; inline argument  -> 2864h " 3 = SVGA                                 640x480     72Hz  "
FA40:0712  e87b13               call sub_1A90                           
FA40:0715  dw 0802h   ; inline argument  -> 28B2h "     3298-0235                            800x600     56Hz"
FA40:0717  e87613               call sub_1A90                           
FA40:071A  dw 083Fh   ; inline argument  -> 28EFh "                                         1024x768     87Hz I"
FA40:071C  e87113               call sub_1A90                           
FA40:071F  dw 0881h   ; inline argument  -> 2931h " 4 = SVGA (NEC 3D or compatible)          640x480     72Hz  "
FA40:0721  e86c13               call sub_1A90                           
FA40:0724  dw 08CFh   ; inline argument  -> 297Fh "                                          800x600     56/60H"
FA40:0726  e86713               call sub_1A90                           
FA40:0729  dw 090Fh   ; inline argument  -> 29BFh "                                         1024x768     87Hz I"
FA40:072B  e86213               call sub_1A90                           
FA40:072E  dw 0951h   ; inline argument  -> 2A01h " 5 = HIGH ERGO                            640x480     60Hz  "
FA40:0730  e85d13               call sub_1A90                           
FA40:0733  dw 099Fh   ; inline argument  -> 2A4Fh "     3297-0291,3298-0271/0272             800x600     72Hz"
FA40:0735  e85813               call sub_1A90                           
FA40:0738  dw 09DCh   ; inline argument  -> 2A8Ch "                                         1024x768     70Hz"
FA40:073A  e85313               call sub_1A90                           
FA40:073D  dw 0A19h   ; inline argument  -> 2AC9h "  6 = ESVGA (NEC 4D or compatible)         640x480     72Hz "
FA40:073F  e84e13               call sub_1A90                           
FA40:0742  dw 0A67h   ; inline argument  -> 2B17h "!     3298-0261                            800x600     72Hz"
FA40:0744  e84913               call sub_1A90                           
FA40:0747  dw 0AA4h   ; inline argument  -> 2B54h ""                                         1024x768     70Hz"
FA40:0749  e84413               call sub_1A90                           
FA40:074C  dw 0AE1h   ; inline argument  -> 2B91h "$ 7 = UVGA                                 640x480     72Hz "
FA40:074E  e83f13               call sub_1A90                           
FA40:0751  dw 0B2Fh   ; inline argument  -> 2BDFh "%     3298-0240/0241                       800x600     72Hz"
FA40:0753  e83a13               call sub_1A90                           
FA40:0756  dw 0B6Ch   ; inline argument  -> 2C1Ch "&                                         1024x768     60Hz"
FA40:0758  e83513               call sub_1A90                           
FA40:075B  dw 0BA9h   ; inline argument  -> 2C59h "( 8 = ESVGA (NEC 5FG or compatible)        640x480     72Hz "
FA40:075D  e83013               call sub_1A90                           
FA40:0760  dw 0BF7h   ; inline argument  -> 2CA7h ")     3298-0273/0280                       800x600     72Hz"
FA40:0762  e82b13               call sub_1A90                           
FA40:0765  dw 0C34h   ; inline argument  -> 2CE4h "*     (not for SVGA Graphics Adapter)     1024x768     72Hz"
FA40:0767  e82613               call sub_1A90                           
FA40:076A  dw 0C71h   ; inline argument  -> 2D21h "+                                        1280x1024     87Hz "
FA40:076C  b8292e               mov ax, 0x2e29                          
FA40:076F  e8cf13               call sub_1B41                           
FA40:0772  8a1ec712             mov bl, byte ptr [0x12c7]               
FA40:0776  e87508               call sub_0FEE                           
FA40:0779  e80e12               call sub_198A                           
FA40:077C  b81411               mov ax, 0x1114                          
FA40:077F  33db                 xor bx, bx                              
FA40:0781  cd10                 int 0x10                                ; BIOS/DOS service INT 0x10
FA40:0783  e8d715               call sub_1D5D                           
FA40:0786  5a                   pop dx                                  
FA40:0787  b402                 mov ah, 2                               
FA40:0789  cd10                 int 0x10                                ; BIOS/DOS service INT 0x10
FA40:078B  1f                   pop ds                                  
FA40:078C  c3                   ret                                     

sub_078D:   ; xref 03DB
FA40:078D  50                   push ax                                 
FA40:078E  8a05                 mov al, byte ptr [di]                   
FA40:0790  2e3a4004             cmp al, byte ptr cs:[bx + si + 4]       
FA40:0794  58                   pop ax                                  
FA40:0795  7507                 jne loc_079E                            
FA40:0797  b007                 mov al, 7                               
FA40:0799  e8e712               call sub_1A83                           
FA40:079C  eb13                 jmp loc_07B1                            

loc_079E:   ; xref 0795
FA40:079E  e86400               call sub_0805                           
FA40:07A1  50                   push ax                                 
FA40:07A2  8a05                 mov al, byte ptr [di]                   
FA40:07A4  2e3a4004             cmp al, byte ptr cs:[bx + si + 4]       
FA40:07A8  58                   pop ax                                  
FA40:07A9  7506                 jne loc_07B1                            
FA40:07AB  e82300               call sub_07D1                           
FA40:07AE  e86800               call sub_0819                           

loc_07B1:   ; xref 079C 07A9
FA40:07B1  c3                   ret                                     

sub_07B2:   ; xref 03AE 03CC
FA40:07B2  803d00               cmp byte ptr [di], 0                    
FA40:07B5  750c                 jne loc_07C3                            
FA40:07B7  e83100               call sub_07EB                           
FA40:07BA  7307                 jae loc_07C3                            
FA40:07BC  b007                 mov al, 7                               
FA40:07BE  e8c212               call sub_1A83                           
FA40:07C1  eb0d                 jmp loc_07D0                            

loc_07C3:   ; xref 07B5 07BA
FA40:07C3  fe0d                 dec byte ptr [di]                       
FA40:07C5  e85100               call sub_0819                           
FA40:07C8  b05f                 mov al, 0x5f                            
FA40:07CA  e8b612               call sub_1A83                           
FA40:07CD  e84900               call sub_0819                           

loc_07D0:   ; xref 07C1
FA40:07D0  c3                   ret                                     

sub_07D1:   ; xref 0393 07AB
FA40:07D1  2e80780502           cmp byte ptr cs:[bx + si + 5], 2        
FA40:07D6  7411                 je loc_07E9                             
FA40:07D8  2e807805ff           cmp byte ptr cs:[bx + si + 5], 0xff     
FA40:07DD  740a                 je loc_07E9                             
FA40:07DF  fe066d01             inc byte ptr [0x16d]                    
FA40:07E3  e81108               call sub_0FF7                           
FA40:07E6  f8                   clc                                     
FA40:07E7  eb01                 jmp loc_07EA                            

loc_07E9:   ; xref 07D6 07DD
FA40:07E9  f9                   stc                                     

loc_07EA:   ; xref 07E7
FA40:07EA  c3                   ret                                     

sub_07EB:   ; xref 07B7
FA40:07EB  2e80780500           cmp byte ptr cs:[bx + si + 5], 0        
FA40:07F0  7411                 je loc_0803                             
FA40:07F2  2e807805ff           cmp byte ptr cs:[bx + si + 5], 0xff     
FA40:07F7  740a                 je loc_0803                             
FA40:07F9  fe0e6d01             dec byte ptr [0x16d]                    
FA40:07FD  e8f707               call sub_0FF7                           
FA40:0800  f8                   clc                                     
FA40:0801  eb01                 jmp loc_0804                            

loc_0803:   ; xref 07F0 07F7
FA40:0803  f9                   stc                                     

loc_0804:   ; xref 0801
FA40:0804  c3                   ret                                     

sub_0805:   ; xref 079E
FA40:0805  8ac4                 mov al, ah                              
FA40:0807  e87912               call sub_1A83                           
FA40:080A  53                   push bx                                 
FA40:080B  8a1d                 mov bl, byte ptr [di]                   
FA40:080D  32ff                 xor bh, bh                              
FA40:080F  886101               mov byte ptr [bx + di + 1], ah          
FA40:0812  fe05                 inc byte ptr [di]                       
FA40:0814  5b                   pop bx                                  
FA40:0815  e80100               call sub_0819                           
FA40:0818  c3                   ret                                     

sub_0819:   ; xref 039D 07AE 07C5 07CD 0815 0AEC 0F99 1069
FA40:0819  50                   push ax                                 
FA40:081A  2e8b00               mov ax, word ptr cs:[bx + si]           
FA40:081D  0205                 add al, byte ptr [di]                   
FA40:081F  e81f13               call sub_1B41                           
FA40:0822  58                   pop ax                                  
FA40:0823  c3                   ret                                     

sub_0824:   ; xref 036E
FA40:0824  803e3e0100           cmp byte ptr [0x13e], 0                 
FA40:0829  740c                 je loc_0837                             
FA40:082B  e81407               call sub_0F42                           
FA40:082E  fe0e3e01             dec byte ptr [0x13e]                    
FA40:0832  e82707               call sub_0F5C                           
FA40:0835  eb05                 jmp loc_083C                            

loc_0837:   ; xref 0829
FA40:0837  b007                 mov al, 7                               
FA40:0839  e84712               call sub_1A83                           

loc_083C:   ; xref 0835
FA40:083C  c3                   ret                                     

sub_083D:   ; xref 033F
FA40:083D  60                   pushaw                                  
FA40:083E  1e                   push ds                                 
FA40:083F  b403                 mov ah, 3                               
FA40:0841  cd10                 int 0x10                                ; BIOS/DOS service INT 0x10
FA40:0843  52                   push dx                                 
FA40:0844  bf5202               mov di, 0x252                           
FA40:0847  e8db14               call sub_1D25                           
FA40:084A  e83d00               call sub_088A                           
FA40:084D  e88f00               call sub_08DF                           
FA40:0850  c606bc1200           mov byte ptr [0x12bc], 0                
FA40:0855  b127                 mov cl, 0x27                            
FA40:0857  e83615               call sub_1D90                           
FA40:085A  8a0e4c02             mov cl, byte ptr [0x24c]                
FA40:085E  880ebe12             mov byte ptr [0x12be], cl               
FA40:0862  8a0e4e02             mov cl, byte ptr [0x24e]                
FA40:0866  880ec012             mov byte ptr [0x12c0], cl               
FA40:086A  8a0e4202             mov cl, byte ptr [0x242]                
FA40:086E  880ec212             mov byte ptr [0x12c2], cl               
FA40:0872  8a0e3e02             mov cl, byte ptr [0x23e]                
FA40:0876  880ec412             mov byte ptr [0x12c4], cl               
FA40:087A  e87705               call sub_0DF4                           
FA40:087D  e8e201               call sub_0A62                           
FA40:0880  be5202               mov si, 0x252                           
FA40:0883  e8d714               call sub_1D5D                           
FA40:0886  5a                   pop dx                                  
FA40:0887  1f                   pop ds                                  
FA40:0888  61                   popaw                                   
FA40:0889  c3                   ret                                     

sub_088A:   ; xref 084A
FA40:088A  e80e00               call sub_089B                           
FA40:088D  e83200               call sub_08C2                           
FA40:0890  e8fd11               call sub_1A90                           
FA40:0893  dw 0CB3h   ; inline argument  -> 2D63h "Software Controlled Registers and Memory Setup"
FA40:0895  e8f811               call sub_1A90                           
FA40:0898  dw 0CE4h   ; inline argument  -> 2D94h "Settings           Current    New                          C"
FA40:089A  c3                   ret                                     

sub_089B:   ; xref 088A
FA40:089B  56                   push si                                 
FA40:089C  be9e00               mov si, 0x9e                            
FA40:089F  e80e11               call sub_19B0                           
FA40:08A2  beab00               mov si, 0xab                            
FA40:08A5  e80811               call sub_19B0                           
FA40:08A8  beb800               mov si, 0xb8                            
FA40:08AB  e80211               call sub_19B0                           
FA40:08AE  bec500               mov si, 0xc5                            
FA40:08B1  e8fc10               call sub_19B0                           
FA40:08B4  b80000               mov ax, 0                               
FA40:08B7  e85a03               call sub_0C14                           
FA40:08BA  b80202               mov ax, 0x202                           
FA40:08BD  e85814               call sub_1D18                           
FA40:08C0  5e                   pop si                                  
FA40:08C1  c3                   ret                                     

sub_08C2:   ; xref 088D
FA40:08C2  e8cb11               call sub_1A90                           
FA40:08C5  dw 0F94h   ; inline argument  -> 3044h
FA40:08C7  e8c611               call sub_1A90                           
FA40:08CA  dw 0FB3h   ; inline argument  -> 3063h
FA40:08CC  e8c111               call sub_1A90                           
FA40:08CF  dw 0FD5h   ; inline argument  -> 3085h "ESC Return to the first screen"
FA40:08D1  e8bc11               call sub_1A90                           
FA40:08D4  dw 0FF6h   ; inline argument  -> 30A6h
FA40:08D6  e8b711               call sub_1A90                           
FA40:08D9  dw 1012h   ; inline argument  -> 30C2h "END Save and return to the first screen"
FA40:08DB  e8a105               call sub_0E7F                           
FA40:08DE  c3                   ret                                     

sub_08DF:   ; xref 084D
FA40:08DF  b81804               mov ax, 0x418                           
FA40:08E2  e85c12               call sub_1B41                           
FA40:08E5  8a0e4c02             mov cl, byte ptr [0x24c]                
FA40:08E9  f6c180               test cl, 0x80                           
FA40:08EC  7406                 je loc_08F4                             
FA40:08EE  e86001               call sub_0A51                           
FA40:08F1  eb04                 jmp loc_08F7                            
FA40:08F3  db 90h

loc_08F4:   ; xref 08EC
FA40:08F4  e85401               call sub_0A4B                           

loc_08F7:   ; xref 08F1
FA40:08F7  fec4                 inc ah                                  
FA40:08F9  e84512               call sub_1B41                           
FA40:08FC  8a0e4c02             mov cl, byte ptr [0x24c]                
FA40:0900  f6c140               test cl, 0x40                           
FA40:0903  7506                 jne loc_090B                            
FA40:0905  e84301               call sub_0A4B                           
FA40:0908  eb04                 jmp loc_090E                            
FA40:090A  db 90h

loc_090B:   ; xref 0903
FA40:090B  e84301               call sub_0A51                           

loc_090E:   ; xref 0908
FA40:090E  fec4                 inc ah                                  
FA40:0910  e82e12               call sub_1B41                           
FA40:0913  8a0e3e02             mov cl, byte ptr [0x23e]                
FA40:0917  f6c101               test cl, 1                              
FA40:091A  7508                 jne loc_0924                            
FA40:091C  e87111               call sub_1A90                           
FA40:091F  dw 103Ch   ; inline argument  -> 30ECh " Fast"
FA40:0921  eb06                 jmp loc_0929                            
FA40:0923  db 90h

loc_0924:   ; xref 091A
FA40:0924  e86911               call sub_1A90                           
FA40:0927  dw 1043h   ; inline argument  -> 30F3h

loc_0929:   ; xref 0921
FA40:0929  fec4                 inc ah                                  
FA40:092B  e81312               call sub_1B41                           
FA40:092E  8a0e4c02             mov cl, byte ptr [0x24c]                
FA40:0932  80e103               and cl, 3                               
FA40:0935  7506                 jne loc_093D                            
FA40:0937  e81101               call sub_0A4B                           
FA40:093A  eb13                 jmp loc_094F                            
FA40:093C  db 90h

loc_093D:   ; xref 0935
FA40:093D  80f901               cmp cl, 1                               
FA40:0940  7508                 jne loc_094A                            
FA40:0942  e84b11               call sub_1A90                           
FA40:0945  dw 104Ah   ; inline argument  -> 30FAh " LPT1"
FA40:0947  eb06                 jmp loc_094F                            
FA40:0949  db 90h

loc_094A:   ; xref 0940
FA40:094A  e84311               call sub_1A90                           
FA40:094D  dw 1051h   ; inline argument  -> 3101h " LPT2"

loc_094F:   ; xref 093A 0947
FA40:094F  fec4                 inc ah                                  
FA40:0951  e8ed11               call sub_1B41                           
FA40:0954  8a0e4c02             mov cl, byte ptr [0x24c]                
FA40:0958  80e10c               and cl, 0xc                             
FA40:095B  7506                 jne loc_0963                            
FA40:095D  e8eb00               call sub_0A4B                           
FA40:0960  eb13                 jmp loc_0975                            
FA40:0962  db 90h

loc_0963:   ; xref 095B
FA40:0963  80f904               cmp cl, 4                               
FA40:0966  7508                 jne loc_0970                            
FA40:0968  e82511               call sub_1A90                           
FA40:096B  dw 1058h   ; inline argument  -> 3108h " COM1"
FA40:096D  eb06                 jmp loc_0975                            
FA40:096F  db 90h

loc_0970:   ; xref 0966
FA40:0970  e81d11               call sub_1A90                           
FA40:0973  dw 105Fh   ; inline argument  -> 310Fh " COM2"

loc_0975:   ; xref 0960 096D
FA40:0975  fec4                 inc ah                                  
FA40:0977  e8c711               call sub_1B41                           
FA40:097A  8a0e4c02             mov cl, byte ptr [0x24c]                
FA40:097E  80e130               and cl, 0x30                            
FA40:0981  7506                 jne loc_0989                            
FA40:0983  e8c500               call sub_0A4B                           
FA40:0986  eb13                 jmp loc_099B                            
FA40:0988  db 90h

loc_0989:   ; xref 0981
FA40:0989  80f910               cmp cl, 0x10                            
FA40:098C  7508                 jne loc_0996                            
FA40:098E  e8ff10               call sub_1A90                           
FA40:0991  dw 1066h   ; inline argument  -> 3116h " COM1"
FA40:0993  eb06                 jmp loc_099B                            
FA40:0995  db 90h

loc_0996:   ; xref 098C
FA40:0996  e8f710               call sub_1A90                           
FA40:0999  dw 106Dh   ; inline argument  -> 311Dh " COM2"

loc_099B:   ; xref 0986 0993
FA40:099B  fec4                 inc ah                                  
FA40:099D  e8a111               call sub_1B41                           
FA40:09A0  8a0e3e02             mov cl, byte ptr [0x23e]                
FA40:09A4  f6c102               test cl, 2                              
FA40:09A7  7506                 jne loc_09AF                            
FA40:09A9  e89f00               call sub_0A4B                           
FA40:09AC  eb04                 jmp loc_09B2                            
FA40:09AE  db 90h

loc_09AF:   ; xref 09A7
FA40:09AF  e89f00               call sub_0A51                           

loc_09B2:   ; xref 09AC
FA40:09B2  fec4                 inc ah                                  
FA40:09B4  e88a11               call sub_1B41                           
FA40:09B7  f6c104               test cl, 4                              
FA40:09BA  7506                 jne loc_09C2                            
FA40:09BC  e88c00               call sub_0A4B                           
FA40:09BF  eb04                 jmp loc_09C5                            
FA40:09C1  db 90h

loc_09C2:   ; xref 09BA
FA40:09C2  e88c00               call sub_0A51                           

loc_09C5:   ; xref 09BF
FA40:09C5  fec4                 inc ah                                  
FA40:09C7  e87711               call sub_1B41                           
FA40:09CA  f6c108               test cl, 8                              
FA40:09CD  7506                 jne loc_09D5                            
FA40:09CF  e87900               call sub_0A4B                           
FA40:09D2  eb04                 jmp loc_09D8                            
FA40:09D4  db 90h

loc_09D5:   ; xref 09CD
FA40:09D5  e87900               call sub_0A51                           

loc_09D8:   ; xref 09D2
FA40:09D8  fec4                 inc ah                                  
FA40:09DA  e86411               call sub_1B41                           
FA40:09DD  f6c120               test cl, 0x20                           
FA40:09E0  7506                 jne loc_09E8                            
FA40:09E2  e86600               call sub_0A4B                           
FA40:09E5  eb04                 jmp loc_09EB                            
FA40:09E7  db 90h

loc_09E8:   ; xref 09E0
FA40:09E8  e86600               call sub_0A51                           

loc_09EB:   ; xref 09E5
FA40:09EB  fec4                 inc ah                                  
FA40:09ED  e85111               call sub_1B41                           
FA40:09F0  f6c140               test cl, 0x40                           
FA40:09F3  7506                 jne loc_09FB                            
FA40:09F5  e85300               call sub_0A4B                           
FA40:09F8  eb04                 jmp loc_09FE                            
FA40:09FA  db 90h

loc_09FB:   ; xref 09F3
FA40:09FB  e85300               call sub_0A51                           

loc_09FE:   ; xref 09F8
FA40:09FE  b84004               mov ax, 0x440                           
FA40:0A01  52                   push dx                                 
FA40:0A02  8a164202             mov dl, byte ptr [0x242]                
FA40:0A06  b90800               mov cx, 8                               
FA40:0A09  b601                 mov dh, 1                               

loc_0A0B:   ; xref 0A1F
FA40:0A0B  e83311               call sub_1B41                           
FA40:0A0E  84d6                 test dh, dl                             
FA40:0A10  7506                 jne loc_0A18                            
FA40:0A12  e83600               call sub_0A4B                           
FA40:0A15  eb04                 jmp loc_0A1B                            
FA40:0A17  db 90h

loc_0A18:   ; xref 0A10
FA40:0A18  e83600               call sub_0A51                           

loc_0A1B:   ; xref 0A15
FA40:0A1B  d0e6                 shl dh, 1                               
FA40:0A1D  fec4                 inc ah                                  
FA40:0A1F  e2ea                 loop loc_0A0B                           
FA40:0A21  5a                   pop dx                                  
FA40:0A22  8a0e3e02             mov cl, byte ptr [0x23e]                
FA40:0A26  e81811               call sub_1B41                           
FA40:0A29  f6c110               test cl, 0x10                           
FA40:0A2C  7506                 jne loc_0A34                            
FA40:0A2E  e81a00               call sub_0A4B                           
FA40:0A31  eb04                 jmp loc_0A37                            
FA40:0A33  db 90h

loc_0A34:   ; xref 0A2C
FA40:0A34  e81a00               call sub_0A51                           

loc_0A37:   ; xref 0A31
FA40:0A37  fec4                 inc ah                                  
FA40:0A39  e80511               call sub_1B41                           
FA40:0A3C  f6c180               test cl, 0x80                           
FA40:0A3F  7506                 jne loc_0A47                            
FA40:0A41  e80700               call sub_0A4B                           
FA40:0A44  eb04                 jmp loc_0A4A                            
FA40:0A46  db 90h

loc_0A47:   ; xref 0A3F
FA40:0A47  e80700               call sub_0A51                           

loc_0A4A:   ; xref 0A44
FA40:0A4A  c3                   ret                                     

sub_0A4B:   ; xref 08F4 0905 0937 095D 0983 09A9 09BC 09CF ...
FA40:0A4B  e84210               call sub_1A90                           
FA40:0A4E  dw 1074h   ; inline argument  -> 3124h
FA40:0A50  c3                   ret                                     

sub_0A51:   ; xref 08EE 090B 09AF 09C2 09D5 09E8 09FB 0A18 ...
FA40:0A51  e83c10               call sub_1A90                           
FA40:0A54  dw 107Bh   ; inline argument  -> 312Bh
FA40:0A56  c3                   ret                                     

sub_0A57:   ; xref 0A86 0A99 0AAC 0ABF
FA40:0A57  b714                 mov bh, 0x14                            
FA40:0A59  b50b                 mov ch, 0xb                             
FA40:0A5B  c7063a022704         mov word ptr [0x23a], 0x427             
FA40:0A61  c3                   ret                                     

sub_0A62:   ; xref 087D
FA40:0A62  b90000               mov cx, 0                               

loc_0A65:   ; xref 0B36
FA40:0A65  52                   push dx                                 
FA40:0A66  e8e910               call sub_1B52                           
FA40:0A69  50                   push ax                                 
FA40:0A6A  b80310               mov ax, 0x1003                          
FA40:0A6D  02c1                 add al, cl                              
FA40:0A6F  e8cf10               call sub_1B41                           
FA40:0A72  b100                 mov cl, 0                               
FA40:0A74  e80d11               call sub_1B84                           
FA40:0A77  8bd0                 mov dx, ax                              
FA40:0A79  58                   pop ax                                  
FA40:0A7A  e8c410               call sub_1B41                           
FA40:0A7D  8bc2                 mov ax, dx                              
FA40:0A7F  5a                   pop dx                                  
FA40:0A80  3d5000               cmp ax, 0x50                            
FA40:0A83  750e                 jne loc_0A93                            
FA40:0A85  51                   push cx                                 
FA40:0A86  e8ceff               call sub_0A57                           
FA40:0A89  e83b01               call sub_0BC7                           
FA40:0A8C  59                   pop cx                                  
FA40:0A8D  e86403               call sub_0DF4                           
FA40:0A90  e9a300               jmp loc_0B36                            

loc_0A93:   ; xref 0A83
FA40:0A93  3d4800               cmp ax, 0x48                            
FA40:0A96  750e                 jne loc_0AA6                            
FA40:0A98  51                   push cx                                 
FA40:0A99  e8bbff               call sub_0A57                           
FA40:0A9C  e87f01               call sub_0C1E                           
FA40:0A9F  59                   pop cx                                  
FA40:0AA0  e85103               call sub_0DF4                           
FA40:0AA3  e99000               jmp loc_0B36                            

loc_0AA6:   ; xref 0A96
FA40:0AA6  3d4b00               cmp ax, 0x4b                            
FA40:0AA9  750e                 jne loc_0AB9                            
FA40:0AAB  51                   push cx                                 
FA40:0AAC  e8a8ff               call sub_0A57                           
FA40:0AAF  e87f01               call sub_0C31                           
FA40:0AB2  59                   pop cx                                  
FA40:0AB3  e83e03               call sub_0DF4                           
FA40:0AB6  eb7e                 jmp loc_0B36                            
FA40:0AB8  db 90h

loc_0AB9:   ; xref 0AA9
FA40:0AB9  3d4d00               cmp ax, 0x4d                            
FA40:0ABC  750e                 jne loc_0ACC                            
FA40:0ABE  51                   push cx                                 
FA40:0ABF  e895ff               call sub_0A57                           
FA40:0AC2  e89701               call sub_0C5C                           
FA40:0AC5  59                   pop cx                                  
FA40:0AC6  e82b03               call sub_0DF4                           
FA40:0AC9  eb6b                 jmp loc_0B36                            
FA40:0ACB  db 90h

loc_0ACC:   ; xref 0ABC
FA40:0ACC  80fc1b               cmp ah, 0x1b                            
FA40:0ACF  7505                 jne loc_0AD6                            
FA40:0AD1  e99e00               jmp loc_0B72                            
FA40:0AD4  db EBh,60h

loc_0AD6:   ; xref 0ACF
FA40:0AD6  3d4f00               cmp ax, 0x4f                            
FA40:0AD9  7505                 jne loc_0AE0                            
FA40:0ADB  eb5c                 jmp loc_0B39                            
FA40:0ADD  db 90h,EBh,56h

loc_0AE0:   ; xref 0AD9
FA40:0AE0  80fc0d               cmp ah, 0xd                             
FA40:0AE3  7518                 jne loc_0AFD                            
FA40:0AE5  e86a10               call sub_1B52                           
FA40:0AE8  50                   push ax                                 
FA40:0AE9  e89601               call sub_0C82                           
FA40:0AEC  e82afd               call sub_0819                           
FA40:0AEF  c606990100           mov byte ptr [0x199], 0                 
FA40:0AF4  e88301               call sub_0C7A                           
FA40:0AF7  58                   pop ax                                  
FA40:0AF8  e84610               call sub_1B41                           
FA40:0AFB  eb39                 jmp loc_0B36                            

loc_0AFD:   ; xref 0AE3
FA40:0AFD  3d5300               cmp ax, 0x53                            
FA40:0B00  750d                 jne loc_0B0F                            
FA40:0B02  e84d10               call sub_1B52                           
FA40:0B05  50                   push ax                                 
FA40:0B06  e87101               call sub_0C7A                           
FA40:0B09  58                   pop ax                                  
FA40:0B0A  e83410               call sub_1B41                           
FA40:0B0D  eb27                 jmp loc_0B36                            

loc_0B0F:   ; xref 0B00
FA40:0B0F  80fc08               cmp ah, 8                               
FA40:0B12  750d                 jne loc_0B21                            
FA40:0B14  e83b10               call sub_1B52                           
FA40:0B17  50                   push ax                                 
FA40:0B18  e85f01               call sub_0C7A                           
FA40:0B1B  58                   pop ax                                  
FA40:0B1C  e82210               call sub_1B41                           
FA40:0B1F  eb15                 jmp loc_0B36                            

loc_0B21:   ; xref 0B12
FA40:0B21  80fc30               cmp ah, 0x30                            
FA40:0B24  720b                 jb loc_0B31                             
FA40:0B26  80fc32               cmp ah, 0x32                            
FA40:0B29  7706                 ja loc_0B31                             
FA40:0B2B  e8b212               call sub_1DE0                           
FA40:0B2E  eb06                 jmp loc_0B36                            
FA40:0B30  db 90h

loc_0B31:   ; xref 0B24 0B29
FA40:0B31  b007                 mov al, 7                               
FA40:0B33  e84d0f               call sub_1A83                           

loc_0B36:   ; xref 0A90 0AA3 0AB6 0AC9 0AFB 0B0D 0B1F 0B2E
FA40:0B36  e92cff               jmp loc_0A65                            

loc_0B39:   ; xref 0ADB
FA40:0B39  bb1500               mov bx, 0x15                            
FA40:0B3C  80bf79015a           cmp byte ptr [bx + 0x179], 0x5a         
FA40:0B41  752f                 jne loc_0B72                            
FA40:0B43  830e340001           or word ptr [0x34], 1                   
FA40:0B48  8a0ebe12             mov cl, byte ptr [0x12be]               
FA40:0B4C  880e4c02             mov byte ptr [0x24c], cl                
FA40:0B50  8a0ec012             mov cl, byte ptr [0x12c0]               
FA40:0B54  880e4e02             mov byte ptr [0x24e], cl                
FA40:0B58  8a0ec212             mov cl, byte ptr [0x12c2]               
FA40:0B5C  880e4202             mov byte ptr [0x242], cl                
FA40:0B60  8a0ec412             mov cl, byte ptr [0x12c4]               
FA40:0B64  880e3e02             mov byte ptr [0x23e], cl                
FA40:0B68  f8                   clc                                     
FA40:0B69  bb1500               mov bx, 0x15                            
FA40:0B6C  c687790100           mov byte ptr [bx + 0x179], 0            
FA40:0B71  c3                   ret                                     

loc_0B72:   ; xref 0AD1 0B41
FA40:0B72  bb1500               mov bx, 0x15                            
FA40:0B75  c687790100           mov byte ptr [bx + 0x179], 0            
FA40:0B7A  c3                   ret                                     

sub_0B7B:   ; xref 00AA 00BA 01DC
FA40:0B7B  50                   push ax                                 
FA40:0B7C  53                   push bx                                 
FA40:0B7D  51                   push cx                                 
FA40:0B7E  52                   push dx                                 
FA40:0B7F  bb0000               mov bx, 0                               
FA40:0B82  b90400               mov cx, 4                               
FA40:0B85  b244                 mov dl, 0x44                            
FA40:0B87  e82500               call sub_0BAF                           
FA40:0B8A  b07e                 mov al, 0x7e                            
FA40:0B8C  e670                 out 0x70, al                            ; port 70h: CMOS index/NMI
FA40:0B8E  eb00                 jmp loc_0B90                            

loc_0B90:   ; xref 0B8E
FA40:0B90  eb00                 jmp loc_0B92                            

loc_0B92:   ; xref 0B90
FA40:0B92  8ac7                 mov al, bh                              
FA40:0B94  e671                 out 0x71, al                            ; port 71h: CMOS data
FA40:0B96  eb00                 jmp loc_0B98                            

loc_0B98:   ; xref 0B96
FA40:0B98  eb00                 jmp loc_0B9A                            

loc_0B9A:   ; xref 0B98
FA40:0B9A  b07f                 mov al, 0x7f                            
FA40:0B9C  e670                 out 0x70, al                            ; port 70h: CMOS index/NMI
FA40:0B9E  eb00                 jmp loc_0BA0                            

loc_0BA0:   ; xref 0B9E
FA40:0BA0  eb00                 jmp loc_0BA2                            

loc_0BA2:   ; xref 0BA0
FA40:0BA2  8ac3                 mov al, bl                              
FA40:0BA4  e671                 out 0x71, al                            ; port 71h: CMOS data
FA40:0BA6  eb00                 jmp loc_0BA8                            

loc_0BA8:   ; xref 0BA6
FA40:0BA8  eb00                 jmp loc_0BAA                            

loc_0BAA:   ; xref 0BA8
FA40:0BAA  5a                   pop dx                                  
FA40:0BAB  59                   pop cx                                  
FA40:0BAC  5b                   pop bx                                  
FA40:0BAD  58                   pop ax                                  
FA40:0BAE  c3                   ret                                     

sub_0BAF:   ; xref 0B87 0BC4 1239
FA40:0BAF  8ac2                 mov al, dl                              
FA40:0BB1  e670                 out 0x70, al                            ; port 70h: CMOS index/NMI
FA40:0BB3  eb00                 jmp loc_0BB5                            

loc_0BB5:   ; xref 0BB3
FA40:0BB5  eb00                 jmp loc_0BB7                            

loc_0BB7:   ; xref 0BB5
FA40:0BB7  e471                 in al, 0x71                             ; port 71h: CMOS data
FA40:0BB9  eb00                 jmp loc_0BBB                            

loc_0BBB:   ; xref 0BB9
FA40:0BBB  eb00                 jmp loc_0BBD                            

loc_0BBD:   ; xref 0BBB
FA40:0BBD  02d8                 add bl, al                              
FA40:0BBF  80d700               adc bh, 0                               
FA40:0BC2  fec2                 inc dl                                  
FA40:0BC4  e2e9                 loop sub_0BAF                           
FA40:0BC6  c3                   ret                                     

sub_0BC7:   ; xref 0A89
FA40:0BC7  383ebc12             cmp byte ptr [0x12bc], bh               
FA40:0BCB  730e                 jae loc_0BDB                            
FA40:0BCD  b002                 mov al, 2                               
FA40:0BCF  e84200               call sub_0C14                           
FA40:0BD2  8006bc1201           add byte ptr [0x12bc], 1                
FA40:0BD7  e80700               call sub_0BE1                           
FA40:0BDA  c3                   ret                                     

loc_0BDB:   ; xref 0BCB 0C23 0C35 0C62
FA40:0BDB  b007                 mov al, 7                               
FA40:0BDD  e8a30e               call sub_1A83                           
FA40:0BE0  c3                   ret                                     

sub_0BE1:   ; xref 0BD7 0C2D 0C50 0C58 0C76
FA40:0BE1  382ebc12             cmp byte ptr [0x12bc], ch               
FA40:0BE5  7216                 jb loc_0BFD                             
FA40:0BE7  a13a02               mov ax, word ptr [0x23a]                
FA40:0BEA  0226bc12             add ah, byte ptr [0x12bc]               
FA40:0BEE  2ae5                 sub ah, ch                              
FA40:0BF0  e84e0f               call sub_1B41                           
FA40:0BF3  b14d                 mov cl, 0x4d                            
FA40:0BF5  8a1ec712             mov bl, byte ptr [0x12c7]               
FA40:0BF9  e8a611               call sub_1DA2                           
FA40:0BFC  c3                   ret                                     

loc_0BFD:   ; xref 0BE5
FA40:0BFD  a13a02               mov ax, word ptr [0x23a]                
FA40:0C00  8ac8                 mov cl, al                              
FA40:0C02  b80204               mov ax, 0x402                           
FA40:0C05  0226bc12             add ah, byte ptr [0x12bc]               
FA40:0C09  e8350f               call sub_1B41                           
FA40:0C0C  8a1ec712             mov bl, byte ptr [0x12c7]               
FA40:0C10  e88f11               call sub_1DA2                           
FA40:0C13  c3                   ret                                     

sub_0C14:   ; xref 08B7 0BCF 0C25 0C37 0C65
FA40:0C14  b14d                 mov cl, 0x4d                            
FA40:0C16  8a1ec612             mov bl, byte ptr [0x12c6]               
FA40:0C1A  e88511               call sub_1DA2                           
FA40:0C1D  c3                   ret                                     

sub_0C1E:   ; xref 0A9C
FA40:0C1E  803ebc1200           cmp byte ptr [0x12bc], 0                
FA40:0C23  74b6                 je loc_0BDB                             
FA40:0C25  e8ecff               call sub_0C14                           
FA40:0C28  802ebc1201           sub byte ptr [0x12bc], 1                
FA40:0C2D  e8b1ff               call sub_0BE1                           
FA40:0C30  c3                   ret                                     

sub_0C31:   ; xref 0AAF
FA40:0C31  382ebc12             cmp byte ptr [0x12bc], ch               
FA40:0C35  72a4                 jb loc_0BDB                             
FA40:0C37  e8daff               call sub_0C14                           
FA40:0C3A  51                   push cx                                 
FA40:0C3B  d0e5                 shl ch, 1                               
FA40:0C3D  80ed01               sub ch, 1                               
FA40:0C40  382ebc12             cmp byte ptr [0x12bc], ch               
FA40:0C44  59                   pop cx                                  
FA40:0C45  720d                 jb loc_0C54                             
FA40:0C47  51                   push cx                                 
FA40:0C48  80ed01               sub ch, 1                               
FA40:0C4B  882ebc12             mov byte ptr [0x12bc], ch               
FA40:0C4F  59                   pop cx                                  
FA40:0C50  e88eff               call sub_0BE1                           
FA40:0C53  c3                   ret                                     

loc_0C54:   ; xref 0C45
FA40:0C54  282ebc12             sub byte ptr [0x12bc], ch               
FA40:0C58  e886ff               call sub_0BE1                           
FA40:0C5B  c3                   ret                                     

sub_0C5C:   ; xref 0AC2
FA40:0C5C  382ebc12             cmp byte ptr [0x12bc], ch               
FA40:0C60  7203                 jb loc_0C65                             
FA40:0C62  e976ff               jmp loc_0BDB                            

loc_0C65:   ; xref 0C60
FA40:0C65  e8acff               call sub_0C14                           
FA40:0C68  002ebc12             add byte ptr [0x12bc], ch               
FA40:0C6C  383ebc12             cmp byte ptr [0x12bc], bh               
FA40:0C70  7604                 jbe loc_0C76                            
FA40:0C72  883ebc12             mov byte ptr [0x12bc], bh               

loc_0C76:   ; xref 0C70
FA40:0C76  e868ff               call sub_0BE1                           
FA40:0C79  c3                   ret                                     

sub_0C7A:   ; xref 0AF4 0B06 0B18
FA40:0C7A  b400                 mov ah, 0                               
FA40:0C7C  e8110e               call sub_1A90                           
FA40:0C7F  dw 1082h   ; inline argument  -> 3132h
FA40:0C81  c3                   ret                                     

sub_0C82:   ; xref 0AE9
FA40:0C82  51                   push cx                                 
FA40:0C83  803e1a0230           cmp byte ptr [0x21a], 0x30              
FA40:0C88  721a                 jb loc_0CA4                             
FA40:0C8A  803e1a0232           cmp byte ptr [0x21a], 0x32              
FA40:0C8F  7713                 ja loc_0CA4                             
FA40:0C91  e81700               call sub_0CAB                           
FA40:0C94  e84a00               call sub_0CE1                           
FA40:0C97  e8c500               call sub_0D5F                           
FA40:0C9A  c6061a0200           mov byte ptr [0x21a], 0                 
FA40:0C9F  e85c11               call sub_1DFE                           
FA40:0CA2  59                   pop cx                                  
FA40:0CA3  c3                   ret                                     

loc_0CA4:   ; xref 0C88 0C8F
FA40:0CA4  59                   pop cx                                  
FA40:0CA5  b007                 mov al, 7                               
FA40:0CA7  e8d90d               call sub_1A83                           
FA40:0CAA  c3                   ret                                     

sub_0CAB:   ; xref 0C91
FA40:0CAB  803ebc1206           cmp byte ptr [0x12bc], 6                
FA40:0CB0  740f                 je loc_0CC1                             
FA40:0CB2  803ebc1207           cmp byte ptr [0x12bc], 7                
FA40:0CB7  7418                 je loc_0CD1                             
FA40:0CB9  803ebc1208           cmp byte ptr [0x12bc], 8                
FA40:0CBE  7411                 je loc_0CD1                             
FA40:0CC0  c3                   ret                                     

loc_0CC1:   ; xref 0CB0
FA40:0CC1  803e1a0230           cmp byte ptr [0x21a], 0x30              
FA40:0CC6  7401                 je loc_0CC9                             
FA40:0CC8  c3                   ret                                     

loc_0CC9:   ; xref 0CC6
FA40:0CC9  f606c4120c           test byte ptr [0x12c4], 0xc             
FA40:0CCE  7547                 jne loc_0D17                            
FA40:0CD0  c3                   ret                                     

loc_0CD1:   ; xref 0CB7 0CBE
FA40:0CD1  803e1a0231           cmp byte ptr [0x21a], 0x31              
FA40:0CD6  7401                 je loc_0CD9                             
FA40:0CD8  c3                   ret                                     

loc_0CD9:   ; xref 0CD6
FA40:0CD9  f606c41202           test byte ptr [0x12c4], 2               
FA40:0CDE  7449                 je loc_0D29                             
FA40:0CE0  c3                   ret                                     

sub_0CE1:   ; xref 0C94
FA40:0CE1  803ebc120b           cmp byte ptr [0x12bc], 0xb              
FA40:0CE6  740f                 je loc_0CF7                             
FA40:0CE8  803ebc120c           cmp byte ptr [0x12bc], 0xc              
FA40:0CED  7408                 je loc_0CF7                             
FA40:0CEF  803ebc1214           cmp byte ptr [0x12bc], 0x14             
FA40:0CF4  7411                 je loc_0D07                             
FA40:0CF6  c3                   ret                                     

loc_0CF7:   ; xref 0CE6 0CED
FA40:0CF7  803e1a0231           cmp byte ptr [0x21a], 0x31              
FA40:0CFC  7401                 je loc_0CFF                             
FA40:0CFE  c3                   ret                                     

loc_0CFF:   ; xref 0CFC
FA40:0CFF  f606c41280           test byte ptr [0x12c4], 0x80            
FA40:0D04  7535                 jne loc_0D3B                            
FA40:0D06  c3                   ret                                     

loc_0D07:   ; xref 0CF4
FA40:0D07  803e1a0231           cmp byte ptr [0x21a], 0x31              
FA40:0D0C  7401                 je loc_0D0F                             
FA40:0D0E  c3                   ret                                     

loc_0D0F:   ; xref 0D0C
FA40:0D0F  f606c21203           test byte ptr [0x12c2], 3               
FA40:0D14  7537                 jne loc_0D4D                            
FA40:0D16  c3                   ret                                     

loc_0D17:   ; xref 0CCE
FA40:0D17  58                   pop ax                                  
FA40:0D18  59                   pop cx                                  
FA40:0D19  b007                 mov al, 7                               
FA40:0D1B  e8650d               call sub_1A83                           
FA40:0D1E  e8bc06               call sub_13DD                           
FA40:0D21  e86c0d               call sub_1A90                           
FA40:0D24  dw 1087h   ; inline argument  -> 3137h "Second level cache and BIOS cacheable must be disabled\r\n"
FA40:0D26  e96905               jmp loc_1292                            

loc_0D29:   ; xref 0CDE
FA40:0D29  58                   pop ax                                  
FA40:0D2A  59                   pop cx                                  
FA40:0D2B  b007                 mov al, 7                               
FA40:0D2D  e8530d               call sub_1A83                           
FA40:0D30  e8aa06               call sub_13DD                           
FA40:0D33  e85a0d               call sub_1A90                           
FA40:0D36  dw 10C1h   ; inline argument  -> 3171h "486 Internal cache must be enabled\r\n"
FA40:0D38  e95705               jmp loc_1292                            

loc_0D3B:   ; xref 0D04
FA40:0D3B  58                   pop ax                                  
FA40:0D3C  59                   pop cx                                  
FA40:0D3D  b007                 mov al, 7                               
FA40:0D3F  e8410d               call sub_1A83                           
FA40:0D42  e89806               call sub_13DD                           
FA40:0D45  e8480d               call sub_1A90                           
FA40:0D48  dw 10E7h   ; inline argument  -> 3197h "Copy VIDEO BIOS from E0000 to C0000 must be disabled\r\n"
FA40:0D4A  e94505               jmp loc_1292                            

loc_0D4D:   ; xref 0D14
FA40:0D4D  58                   pop ax                                  
FA40:0D4E  59                   pop cx                                  
FA40:0D4F  b007                 mov al, 7                               
FA40:0D51  e82f0d               call sub_1A83                           
FA40:0D54  e88606               call sub_13DD                           
FA40:0D57  e8360d               call sub_1A90                           
FA40:0D5A  dw 111Fh   ; inline argument  -> 31CFh "Shadow C0000-C7FFF must be disabled\r\n"
FA40:0D5C  e93305               jmp loc_1292                            

sub_0D5F:   ; xref 0C97
FA40:0D5F  803ebc120a           cmp byte ptr [0x12bc], 0xa              
FA40:0D64  7724                 ja loc_0D8A                             
FA40:0D66  b01f                 mov al, 0x1f                            
FA40:0D68  e8d60d               call sub_1B41                           
FA40:0D6B  803ebc1202           cmp byte ptr [0x12bc], 2                
FA40:0D70  7420                 je loc_0D92                             
FA40:0D72  803ebc1203           cmp byte ptr [0x12bc], 3                
FA40:0D77  742e                 je loc_0DA7                             
FA40:0D79  803ebc1204           cmp byte ptr [0x12bc], 4                
FA40:0D7E  7445                 je loc_0DC5                             
FA40:0D80  803ebc1205           cmp byte ptr [0x12bc], 5                
FA40:0D85  743e                 je loc_0DC5                             
FA40:0D87  eb5a                 jmp loc_0DE3                            
FA40:0D89  db 90h

loc_0D8A:   ; xref 0D64
FA40:0D8A  b046                 mov al, 0x46                            
FA40:0D8C  e8b20d               call sub_1B41                           
FA40:0D8F  eb52                 jmp loc_0DE3                            
FA40:0D91  db 90h

loc_0D92:   ; xref 0D70
FA40:0D92  8a261a02             mov ah, byte ptr [0x21a]                
FA40:0D96  80fc30               cmp ah, 0x30                            
FA40:0D99  7506                 jne loc_0DA1                            
FA40:0D9B  e8f20c               call sub_1A90                           
FA40:0D9E  dw 1146h   ; inline argument  -> 31F6h " FAST"
FA40:0DA0  c3                   ret                                     

loc_0DA1:   ; xref 0D99
FA40:0DA1  e8ec0c               call sub_1A90                           
FA40:0DA4  dw 114Dh   ; inline argument  -> 31FDh
FA40:0DA6  c3                   ret                                     

loc_0DA7:   ; xref 0D77
FA40:0DA7  8a261a02             mov ah, byte ptr [0x21a]                
FA40:0DAB  80fc30               cmp ah, 0x30                            
FA40:0DAE  7504                 jne loc_0DB4                            
FA40:0DB0  e898fc               call sub_0A4B                           
FA40:0DB3  c3                   ret                                     

loc_0DB4:   ; xref 0DAE
FA40:0DB4  80fc31               cmp ah, 0x31                            
FA40:0DB7  7506                 jne loc_0DBF                            
FA40:0DB9  e8d40c               call sub_1A90                           
FA40:0DBC  dw 1154h   ; inline argument  -> 3204h " LPT1"
FA40:0DBE  c3                   ret                                     

loc_0DBF:   ; xref 0DB7
FA40:0DBF  e8ce0c               call sub_1A90                           
FA40:0DC2  dw 115Bh   ; inline argument  -> 320Bh " LPT2"
FA40:0DC4  c3                   ret                                     

loc_0DC5:   ; xref 0D7E 0D85
FA40:0DC5  8a261a02             mov ah, byte ptr [0x21a]                
FA40:0DC9  80fc30               cmp ah, 0x30                            
FA40:0DCC  7504                 jne loc_0DD2                            
FA40:0DCE  e87afc               call sub_0A4B                           
FA40:0DD1  c3                   ret                                     

loc_0DD2:   ; xref 0DCC
FA40:0DD2  80fc31               cmp ah, 0x31                            
FA40:0DD5  7506                 jne loc_0DDD                            
FA40:0DD7  e8b60c               call sub_1A90                           
FA40:0DDA  dw 1162h   ; inline argument  -> 3212h " COM1"
FA40:0DDC  c3                   ret                                     

loc_0DDD:   ; xref 0DD5
FA40:0DDD  e8b00c               call sub_1A90                           
FA40:0DE0  dw 1169h   ; inline argument  -> 3219h " COM2"
FA40:0DE2  c3                   ret                                     

loc_0DE3:   ; xref 0D87 0D8F
FA40:0DE3  8a261a02             mov ah, byte ptr [0x21a]                
FA40:0DE7  80fc30               cmp ah, 0x30                            
FA40:0DEA  7504                 jne loc_0DF0                            
FA40:0DEC  e85cfc               call sub_0A4B                           
FA40:0DEF  c3                   ret                                     

loc_0DF0:   ; xref 0DEA
FA40:0DF0  e85efc               call sub_0A51                           
FA40:0DF3  c3                   ret                                     

sub_0DF4:   ; xref 087A 0A8D 0AA0 0AB3 0AC6
FA40:0DF4  e85b0d               call sub_1B52                           
FA40:0DF7  50                   push ax                                 
FA40:0DF8  e80500               call sub_0E00                           
FA40:0DFB  58                   pop ax                                  
FA40:0DFC  e8420d               call sub_1B41                           
FA40:0DFF  c3                   ret                                     

sub_0E00:   ; xref 0DF8
FA40:0E00  60                   pushaw                                  
FA40:0E01  e8dc01               call sub_0FE0                           
FA40:0E04  61                   popaw                                   
FA40:0E05  e8880c               call sub_1A90                           
FA40:0E08  dw 1170h   ; inline argument  -> 3220h "_   Setting"
FA40:0E0A  803ebc1206           cmp byte ptr [0x12bc], 6                
FA40:0E0F  7208                 jb loc_0E19                             

loc_0E11:   ; xref 0E1E
FA40:0E11  e87c0c               call sub_1A90                           
FA40:0E14  dw 117Eh   ; inline argument  -> 322Eh "0 = No (Disabled)\r\n1 = Yes (Enabled)"
FA40:0E16  eb38                 jmp loc_0E50                            
FA40:0E18  db 90h

loc_0E19:   ; xref 0E0F
FA40:0E19  803ebc1201           cmp byte ptr [0x12bc], 1                
FA40:0E1E  74f1                 je loc_0E11                             
FA40:0E20  803ebc1200           cmp byte ptr [0x12bc], 0                
FA40:0E25  7505                 jne loc_0E2C                            
FA40:0E27  e8660c               call sub_1A90                           
FA40:0E2A  dw 11A5h   ; inline argument  -> 3255h "0 = No  (Disable Flex Disk Controller)\r\n1 = Yes (Enable  F"

loc_0E2C:   ; xref 0E25
FA40:0E2C  803ebc1202           cmp byte ptr [0x12bc], 2                
FA40:0E31  7505                 jne loc_0E38                            
FA40:0E33  e85a0c               call sub_1A90                           
FA40:0E36  dw 11F6h   ; inline argument  -> 32A6h "0 = Fast\r\n1 = Standard"

loc_0E38:   ; xref 0E31
FA40:0E38  803ebc1203           cmp byte ptr [0x12bc], 3                
FA40:0E3D  7505                 jne loc_0E44                            
FA40:0E3F  e84e0c               call sub_1A90                           
FA40:0E42  dw 120Fh   ; inline argument  -> 32BFh "0 = Disable\r\n1 = LPT1\r\n2 = LPT2"

loc_0E44:   ; xref 0E3D
FA40:0E44  803ebc1204           cmp byte ptr [0x12bc], 4                
FA40:0E49  7205                 jb loc_0E50                             
FA40:0E4B  e8420c               call sub_1A90                           
FA40:0E4E  dw 1231h   ; inline argument  -> 32E1h "0 = Disable\r\n1 = COM1\r\n2 = COM2"

loc_0E50:   ; xref 0E16 0E49
FA40:0E50  c3                   ret                                     

sub_0E51:   ; xref 1DF3
FA40:0E51  803ebc1203           cmp byte ptr [0x12bc], 3                
FA40:0E56  720f                 jb loc_0E67                             
FA40:0E58  803ebc1205           cmp byte ptr [0x12bc], 5                
FA40:0E5D  7708                 ja loc_0E67                             
FA40:0E5F  80fc32               cmp ah, 0x32                            
FA40:0E62  770e                 ja loc_0E72                             
FA40:0E64  eb06                 jmp loc_0E6C                            
FA40:0E66  db 90h

loc_0E67:   ; xref 0E56 0E5D
FA40:0E67  80fc31               cmp ah, 0x31                            
FA40:0E6A  7706                 ja loc_0E72                             

loc_0E6C:   ; xref 0E64
FA40:0E6C  8ac4                 mov al, ah                              
FA40:0E6E  e8120c               call sub_1A83                           
FA40:0E71  c3                   ret                                     

loc_0E72:   ; xref 0E62 0E6A
FA40:0E72  b400                 mov ah, 0                               
FA40:0E74  b007                 mov al, 7                               
FA40:0E76  e80a0c               call sub_1A83                           
FA40:0E79  c6061a0200           mov byte ptr [0x21a], 0                 
FA40:0E7E  c3                   ret                                     

sub_0E7F:   ; xref 08DB
FA40:0E7F  50                   push ax                                 
FA40:0E80  53                   push bx                                 
FA40:0E81  51                   push cx                                 
FA40:0E82  b80315               mov ax, 0x1503                          
FA40:0E85  b107                 mov cl, 7                               
FA40:0E87  8a1ec712             mov bl, byte ptr [0x12c7]               

loc_0E8B:   ; xref 0E98 0EA1
FA40:0E8B  e8b30c               call sub_1B41                           
FA40:0E8E  51                   push cx                                 
FA40:0E8F  e8100f               call sub_1DA2                           
FA40:0E92  59                   pop cx                                  
FA40:0E93  fec4                 inc ah                                  
FA40:0E95  80fc18               cmp ah, 0x18                            
FA40:0E98  75f1                 jne loc_0E8B                            
FA40:0E9A  3c24                 cmp al, 0x24                            
FA40:0E9C  b82415               mov ax, 0x1524                          
FA40:0E9F  b129                 mov cl, 0x29                            
FA40:0EA1  75e8                 jne loc_0E8B                            
FA40:0EA3  59                   pop cx                                  
FA40:0EA4  5b                   pop bx                                  
FA40:0EA5  58                   pop ax                                  
FA40:0EA6  c3                   ret                                     

sub_0EA7:   ; xref 0159 0194
FA40:0EA7  51                   push cx                                 
FA40:0EA8  52                   push dx                                 
FA40:0EA9  57                   push di                                 
FA40:0EAA  b643                 mov dh, 0x43                            
FA40:0EAC  bf4c02               mov di, 0x24c                           
FA40:0EAF  e81600               call sub_0EC8                           
FA40:0EB2  bf4e02               mov di, 0x24e                           
FA40:0EB5  e81000               call sub_0EC8                           
FA40:0EB8  bf4202               mov di, 0x242                           
FA40:0EBB  e80a00               call sub_0EC8                           
FA40:0EBE  bf3e02               mov di, 0x23e                           
FA40:0EC1  e80400               call sub_0EC8                           
FA40:0EC4  5f                   pop di                                  
FA40:0EC5  5a                   pop dx                                  
FA40:0EC6  59                   pop cx                                  
FA40:0EC7  c3                   ret                                     

sub_0EC8:   ; xref 0EAF 0EB5 0EBB 0EC1
FA40:0EC8  fec6                 inc dh                                  
FA40:0ECA  b90100               mov cx, 1                               
FA40:0ECD  e8f3f3               call sub_02C3                           
FA40:0ED0  c3                   ret                                     

sub_0ED1:   ; xref 0170 01D9
FA40:0ED1  51                   push cx                                 
FA40:0ED2  52                   push dx                                 
FA40:0ED3  56                   push si                                 
FA40:0ED4  b643                 mov dh, 0x43                            
FA40:0ED6  be4c02               mov si, 0x24c                           
FA40:0ED9  e81600               call sub_0EF2                           
FA40:0EDC  be4e02               mov si, 0x24e                           
FA40:0EDF  e81000               call sub_0EF2                           
FA40:0EE2  be4202               mov si, 0x242                           
FA40:0EE5  e80a00               call sub_0EF2                           
FA40:0EE8  be3e02               mov si, 0x23e                           
FA40:0EEB  e80400               call sub_0EF2                           
FA40:0EEE  5e                   pop si                                  
FA40:0EEF  5a                   pop dx                                  
FA40:0EF0  59                   pop cx                                  
FA40:0EF1  c3                   ret                                     

sub_0EF2:   ; xref 0ED9 0EDF 0EE5 0EEB
FA40:0EF2  fec6                 inc dh                                  
FA40:0EF4  b90100               mov cx, 1                               
FA40:0EF7  e8baf3               call sub_02B4                           
FA40:0EFA  c3                   ret                                     
FA40:0EFB  db E8h,54h,0Ch,50h,E8h,19h,00h,8Ah,1Eh,C7h,12h,E8h,E5h,00h,E8h,7Eh
FA40:0F0B  db 0Ah,58h,E8h,31h,0Ch,8Ah,1Eh,C6h,12h,E8h,D7h,00h,E8h,E6h,FEh,C3h
FA40:0F1B  db B4h,00h,B0h,07h,E8h,61h,0Bh,C6h,06h,1Ah,02h,00h,C3h

sub_0F28:   ; xref 0364
FA40:0F28  803e3e0109           cmp byte ptr [0x13e], 9                 
FA40:0F2D  90                   nop                                     
FA40:0F2E  730c                 jae loc_0F3C                            
FA40:0F30  e80f00               call sub_0F42                           
FA40:0F33  fe063e01             inc byte ptr [0x13e]                    
FA40:0F37  e82200               call sub_0F5C                           
FA40:0F3A  eb05                 jmp loc_0F41                            

loc_0F3C:   ; xref 0F2E
FA40:0F3C  b007                 mov al, 7                               
FA40:0F3E  e8420b               call sub_1A83                           

loc_0F41:   ; xref 0F3A
FA40:0F41  c3                   ret                                     

sub_0F42:   ; xref 082B 0F30
FA40:0F42  53                   push bx                                 
FA40:0F43  2ea18624             mov ax, word ptr cs:[0x2486]            
FA40:0F47  02263e01             add ah, byte ptr [0x13e]                
FA40:0F4B  e8f30b               call sub_1B41                           
FA40:0F4E  8a1ec612             mov bl, byte ptr [0x12c6]               
FA40:0F52  e89900               call sub_0FEE                           
FA40:0F55  b020                 mov al, 0x20                            
FA40:0F57  e8290b               call sub_1A83                           
FA40:0F5A  5b                   pop bx                                  
FA40:0F5B  c3                   ret                                     

sub_0F5C:   ; xref 0330 0832 0F37
FA40:0F5C  2ea18624             mov ax, word ptr cs:[0x2486]            
FA40:0F60  02263e01             add ah, byte ptr [0x13e]                
FA40:0F64  e8da0b               call sub_1B41                           
FA40:0F67  8a1ec712             mov bl, byte ptr [0x12c7]               
FA40:0F6B  e88000               call sub_0FEE                           
FA40:0F6E  e81f0b               call sub_1A90                           
FA40:0F71  dw 1253h   ; inline argument  -> 3303h
FA40:0F73  e82700               call sub_0F9D                           
FA40:0F76  a03e01               mov al, byte ptr [0x13e]                
FA40:0F79  3c07                 cmp al, 7                               
FA40:0F7B  7516                 jne loc_0F93                            
FA40:0F7D  f70634000800         test word ptr [0x34], 8                 
FA40:0F83  740e                 je loc_0F93                             
FA40:0F85  e83704               call sub_13BF                           
FA40:0F88  be5c20               mov si, 0x205c                          
FA40:0F8B  e87600               call sub_1004                           
FA40:0F8E  c60500               mov byte ptr [di], 0                    
FA40:0F91  eb06                 jmp loc_0F99                            

loc_0F93:   ; xref 0F7B 0F83
FA40:0F93  e81300               call sub_0FA9                           
FA40:0F96  e81c00               call sub_0FB5                           

loc_0F99:   ; xref 0F91
FA40:0F99  e87df8               call sub_0819                           
FA40:0F9C  c3                   ret                                     

sub_0F9D:   ; xref 0F73 1066
FA40:0F9D  c6066d0100           mov byte ptr [0x16d], 0                 
FA40:0FA2  e85200               call sub_0FF7                           
FA40:0FA5  e86900               call sub_1011                           
FA40:0FA8  c3                   ret                                     

sub_0FA9:   ; xref 0F93 1063
FA40:0FA9  56                   push si                                 
FA40:0FAA  e82500               call sub_0FD2                           
FA40:0FAD  bec420               mov si, 0x20c4                          
FA40:0FB0  e80e00               call sub_0FC1                           
FA40:0FB3  5e                   pop si                                  
FA40:0FB4  c3                   ret                                     

sub_0FB5:   ; xref 0F96
FA40:0FB5  56                   push si                                 
FA40:0FB6  e82700               call sub_0FE0                           
FA40:0FB9  beb020               mov si, 0x20b0                          
FA40:0FBC  e80200               call sub_0FC1                           
FA40:0FBF  5e                   pop si                                  
FA40:0FC0  c3                   ret                                     

sub_0FC1:   ; xref 0FB0 0FBC
FA40:0FC1  53                   push bx                                 
FA40:0FC2  8a1e3e01             mov bl, byte ptr [0x13e]                
FA40:0FC6  32ff                 xor bh, bh                              
FA40:0FC8  03db                 add bx, bx                              
FA40:0FCA  2e8b30               mov si, word ptr cs:[bx + si]           
FA40:0FCD  e8da0a               call sub_1AAA                           
FA40:0FD0  5b                   pop bx                                  
FA40:0FD1  c3                   ret                                     

sub_0FD2:   ; xref 0FAA 13BF
FA40:0FD2  2e8b0e8924           mov cx, word ptr cs:[0x2489]            
FA40:0FD7  2e8b168c24           mov dx, word ptr cs:[0x248c]            
FA40:0FDC  e8520b               call sub_1B31                           
FA40:0FDF  c3                   ret                                     

sub_0FE0:   ; xref 0E01 0FB6 13C2
FA40:0FE0  2e8b0e8f24           mov cx, word ptr cs:[0x248f]            
FA40:0FE5  2e8b169224           mov dx, word ptr cs:[0x2492]            
FA40:0FEA  e8440b               call sub_1B31                           
FA40:0FED  c3                   ret                                     

sub_0FEE:   ; xref 0449 0776 0F52 0F6B 1D20
FA40:0FEE  2e8a0e7120           mov cl, byte ptr cs:[0x2071]            
FA40:0FF3  e8ac0d               call sub_1DA2                           
FA40:0FF6  c3                   ret                                     

sub_0FF7:   ; xref 07E3 07FD 0FA2
FA40:0FF7  8a1e3e01             mov bl, byte ptr [0x13e]                
FA40:0FFB  32ff                 xor bh, bh                              
FA40:0FFD  03db                 add bx, bx                              
FA40:0FFF  2e8bb7d21f           mov si, word ptr cs:[bx + 0x1fd2]       

sub_1004:   ; xref 0F8B
FA40:1004  b006                 mov al, 6                               
FA40:1006  f6266d01             mul byte ptr [0x16d]                    
FA40:100A  8bd8                 mov bx, ax                              
FA40:100C  2e8b7802             mov di, word ptr cs:[bx + si + 2]       
FA40:1010  c3                   ret                                     

sub_1011:   ; xref 0FA5
FA40:1011  53                   push bx                                 
FA40:1012  57                   push di                                 
FA40:1013  33db                 xor bx, bx                              

loc_1015:   ; xref 102D
FA40:1015  2e807805ff           cmp byte ptr cs:[bx + si + 5], 0xff     
FA40:101A  7413                 je loc_102F                             
FA40:101C  2e80780502           cmp byte ptr cs:[bx + si + 5], 2        
FA40:1021  740c                 je loc_102F                             
FA40:1023  2e8b7802             mov di, word ptr cs:[bx + si + 2]       
FA40:1027  c60500               mov byte ptr [di], 0                    
FA40:102A  83c306               add bx, 6                               
FA40:102D  ebe6                 jmp loc_1015                            

loc_102F:   ; xref 101A 1021
FA40:102F  2e8b7802             mov di, word ptr cs:[bx + si + 2]       
FA40:1033  c60500               mov byte ptr [di], 0                    
FA40:1036  5f                   pop di                                  
FA40:1037  5b                   pop bx                                  
FA40:1038  c3                   ret                                     

jumptable_1039:
FA40:1039  dw loc_106D
FA40:103B  dw loc_10D8
FA40:103D  dw loc_112D
FA40:103F  dw loc_1159
FA40:1041  dw loc_11C9
FA40:1043  dw loc_11F8
FA40:1045  dw loc_12A3
FA40:1047  dw loc_1334
FA40:1049  dw loc_12B5
FA40:104B  dw loc_1311

sub_104D:   ; xref 0398
FA40:104D  53                   push bx                                 
FA40:104E  56                   push si                                 
FA40:104F  57                   push di                                 
FA40:1050  8a1e3e01             mov bl, byte ptr [0x13e]                
FA40:1054  32ff                 xor bh, bh                              
FA40:1056  03db                 add bx, bx                              
FA40:1058  2eff973910           call word ptr cs:[bx + 0x1039]          
FA40:105D  e8d805               call sub_1638                           
FA40:1060  5f                   pop di                                  
FA40:1061  5e                   pop si                                  
FA40:1062  5b                   pop bx                                  
FA40:1063  e843ff               call sub_0FA9                           
FA40:1066  e834ff               call sub_0F9D                           
FA40:1069  e8adf7               call sub_0819                           
FA40:106C  c3                   ret                                     

loc_106D:   ; xref 1058
FA40:106D  ff360600             push word ptr [6]                       
FA40:1071  ff360800             push word ptr [8]                       
FA40:1075  ff363200             push word ptr [0x32]                    
FA40:1079  bf3f01               mov di, 0x13f                           
FA40:107C  e85f08               call sub_18DE                           
FA40:107F  a20800               mov byte ptr [8], al                    
FA40:1082  bf4301               mov di, 0x143                           
FA40:1085  e85608               call sub_18DE                           
FA40:1088  a20700               mov byte ptr [7], al                    
FA40:108B  bf4701               mov di, 0x147                           
FA40:108E  e84d08               call sub_18DE                           
FA40:1091  3d8000               cmp ax, 0x80                            
FA40:1094  7207                 jb loc_109D                             
FA40:1096  3d9900               cmp ax, 0x99                            
FA40:1099  7702                 ja loc_109D                             
FA40:109B  b419                 mov ah, 0x19                            

loc_109D:   ; xref 1094 1099
FA40:109D  a20900               mov byte ptr [9], al                    
FA40:10A0  88263200             mov byte ptr [0x32], ah                 
FA40:10A4  e8e804               call sub_158F                           
FA40:10A7  a20600               mov byte ptr [6], al                    
FA40:10AA  e82e04               call sub_14DB                           
FA40:10AD  741c                 je loc_10CB                             
FA40:10AF  8f063200             pop word ptr [0x32]                     
FA40:10B3  8f060800             pop word ptr [8]                        
FA40:10B7  8f060600             pop word ptr [6]                        
FA40:10BB  e81f03               call sub_13DD                           
FA40:10BE  e8cf09               call sub_1A90                           
FA40:10C1  dw 1256h   ; inline argument  -> 3306h "Entry is an invalid date.\r\n"
FA40:10C3  e8c408               call sub_198A                           
FA40:10C6  e89f08               call sub_1968                           
FA40:10C9  eb0c                 jmp loc_10D7                            

loc_10CB:   ; xref 10AD
FA40:10CB  e865f1               call sub_0233                           
FA40:10CE  810e34000004         or word ptr [0x34], 0x400               
FA40:10D4  83c406               add sp, 6                               

loc_10D7:   ; xref 10C9
FA40:10D7  c3                   ret                                     

loc_10D8:   ; xref 1058
FA40:10D8  ff360400             push word ptr [4]                       
FA40:10DC  ff360200             push word ptr [2]                       
FA40:10E0  ff360000             push word ptr [0]                       
FA40:10E4  bf4d01               mov di, 0x14d                           
FA40:10E7  e8f407               call sub_18DE                           
FA40:10EA  a20400               mov byte ptr [4], al                    
FA40:10ED  bf5101               mov di, 0x151                           
FA40:10F0  e8eb07               call sub_18DE                           
FA40:10F3  a20200               mov byte ptr [2], al                    
FA40:10F6  bf5501               mov di, 0x155                           
FA40:10F9  e8e207               call sub_18DE                           
FA40:10FC  a20000               mov byte ptr [0], al                    
FA40:10FF  e8b003               call sub_14B2                           
FA40:1102  741c                 je loc_1120                             
FA40:1104  8f060000             pop word ptr [0]                        
FA40:1108  8f060200             pop word ptr [2]                        
FA40:110C  8f060400             pop word ptr [4]                        
FA40:1110  e8ca02               call sub_13DD                           
FA40:1113  e87a09               call sub_1A90                           
FA40:1116  dw 1273h   ; inline argument  -> 3323h "Entry is an invalid time.\r\n"
FA40:1118  e86f08               call sub_198A                           
FA40:111B  e84a08               call sub_1968                           
FA40:111E  eb0c                 jmp loc_112C                            

loc_1120:   ; xref 1102
FA40:1120  e810f1               call sub_0233                           
FA40:1123  810e34000002         or word ptr [0x34], 0x200               
FA40:1129  83c406               add sp, 6                               

loc_112C:   ; xref 111E
FA40:112C  c3                   ret                                     

loc_112D:   ; xref 1058
FA40:112D  bf5901               mov di, 0x159                           
FA40:1130  e8ab07               call sub_18DE                           
FA40:1133  3c00                 cmp al, 0                               
FA40:1135  7517                 jne loc_114E                            
FA40:1137  f60610000f           test byte ptr [0x10], 0xf               
FA40:113C  7410                 je loc_114E                             
FA40:113E  e89c02               call sub_13DD                           
FA40:1141  e84c09               call sub_1A90                           
FA40:1144  dw 1290h   ; inline argument  -> 3340h "If drive B: is selected, drive A: cannot be deselected\r\n"
FA40:1146  e84108               call sub_198A                           
FA40:1149  e81c08               call sub_1968                           
FA40:114C  eb0a                 jmp loc_1158                            

loc_114E:   ; xref 1135 113C
FA40:114E  b104                 mov cl, 4                               
FA40:1150  b50f                 mov ch, 0xf                             
FA40:1152  bb0001               mov bx, 0x100                           
FA40:1155  e82d00               call sub_1185                           

loc_1158:   ; xref 114C
FA40:1158  c3                   ret                                     

loc_1159:   ; xref 1058
FA40:1159  bf5901               mov di, 0x159                           
FA40:115C  e87f07               call sub_18DE                           
FA40:115F  3c00                 cmp al, 0                               
FA40:1161  7417                 je loc_117A                             
FA40:1163  f6061000f0           test byte ptr [0x10], 0xf0              
FA40:1168  7510                 jne loc_117A                            
FA40:116A  e87002               call sub_13DD                           
FA40:116D  e82009               call sub_1A90                           
FA40:1170  dw 12CAh   ; inline argument  -> 337Ah "If drive A: is not selected, drive B: cannot be selected\r\n"
FA40:1172  e81508               call sub_198A                           
FA40:1175  e8f007               call sub_1968                           
FA40:1178  eb0a                 jmp loc_1184                            

loc_117A:   ; xref 1161 1168
FA40:117A  b100                 mov cl, 0                               
FA40:117C  b5f0                 mov ch, 0xf0                            
FA40:117E  bb8000               mov bx, 0x80                            
FA40:1181  e80100               call sub_1185                           

loc_1184:   ; xref 1178
FA40:1184  c3                   ret                                     

sub_1185:   ; xref 1155 1181
FA40:1185  3c06                 cmp al, 6                               
FA40:1187  772d                 ja loc_11B6                             
FA40:1189  d2e0                 shl al, cl                              
FA40:118B  202e1000             and byte ptr [0x10], ch                 
FA40:118F  08061000             or byte ptr [0x10], al                  
FA40:1193  091e3400             or word ptr [0x34], bx                  
FA40:1197  8a261000             mov ah, byte ptr [0x10]                 
FA40:119B  f6c40f               test ah, 0xf                            
FA40:119E  7404                 je loc_11A4                             
FA40:11A0  b041                 mov al, 0x41                            
FA40:11A2  eb07                 jmp loc_11AB                            

loc_11A4:   ; xref 119E
FA40:11A4  f6c4f0               test ah, 0xf0                           
FA40:11A7  7402                 je loc_11AB                             
FA40:11A9  b001                 mov al, 1                               

loc_11AB:   ; xref 11A2 11A7
FA40:11AB  802614003e           and byte ptr [0x14], 0x3e               
FA40:11B0  08061400             or byte ptr [0x14], al                  
FA40:11B4  eb03                 jmp loc_11B9                            

loc_11B6:   ; xref 1187
FA40:11B6  e80100               call sub_11BA                           

loc_11B9:   ; xref 11B4
FA40:11B9  c3                   ret                                     

sub_11BA:   ; xref 11B6
FA40:11BA  e82002               call sub_13DD                           
FA40:11BD  e8d008               call sub_1A90                           
FA40:11C0  dw 1306h   ; inline argument  -> 33B6h "Entry is an invalid flexible disk type.\r\n"
FA40:11C2  e8c507               call sub_198A                           
FA40:11C5  e8a007               call sub_1968                           
FA40:11C8  c3                   ret                                     

loc_11C9:   ; xref 1058
FA40:11C9  be1900               mov si, 0x19                            
FA40:11CC  bf5c01               mov di, 0x15c                           
FA40:11CF  e80c07               call sub_18DE                           
FA40:11D2  3c00                 cmp al, 0                               
FA40:11D4  7517                 jne loc_11ED                            
FA40:11D6  f60612000f           test byte ptr [0x12], 0xf               
FA40:11DB  7410                 je loc_11ED                             
FA40:11DD  e8fd01               call sub_13DD                           
FA40:11E0  e8ad08               call sub_1A90                           
FA40:11E3  dw 1331h   ; inline argument  -> 33E1h "If drive D: is selected, drive C: cannot be deselected.\r\n"
FA40:11E5  e8a207               call sub_198A                           
FA40:11E8  e87d07               call sub_1968                           
FA40:11EB  eb0a                 jmp loc_11F7                            

loc_11ED:   ; xref 11D4 11DB
FA40:11ED  b104                 mov cl, 4                               
FA40:11EF  b50f                 mov ch, 0xf                             
FA40:11F1  bb4000               mov bx, 0x40                            
FA40:11F4  e83000               call sub_1227                           

loc_11F7:   ; xref 11EB
FA40:11F7  c3                   ret                                     

loc_11F8:   ; xref 1058
FA40:11F8  be1a00               mov si, 0x1a                            
FA40:11FB  bf5c01               mov di, 0x15c                           
FA40:11FE  e8dd06               call sub_18DE                           
FA40:1201  3c00                 cmp al, 0                               
FA40:1203  7417                 je loc_121C                             
FA40:1205  f6061200f0           test byte ptr [0x12], 0xf0              
FA40:120A  7510                 jne loc_121C                            
FA40:120C  e8ce01               call sub_13DD                           
FA40:120F  e87e08               call sub_1A90                           
FA40:1212  dw 136Ch   ; inline argument  -> 341Ch "If drive C: is not selected, drive D: cannot be selected.\r\"
FA40:1214  e87307               call sub_198A                           
FA40:1217  e84e07               call sub_1968                           
FA40:121A  eb0a                 jmp loc_1226                            

loc_121C:   ; xref 1203 120A
FA40:121C  b100                 mov cl, 0                               
FA40:121E  b5f0                 mov ch, 0xf0                            
FA40:1220  bb2000               mov bx, 0x20                            
FA40:1223  e80100               call sub_1227                           

loc_1226:   ; xref 121A
FA40:1226  c3                   ret                                     

sub_1227:   ; xref 11F4 1223
FA40:1227  e80d0a               call sub_1C37                           
FA40:122A  3c01                 cmp al, 1                               
FA40:122C  7527                 jne loc_1255                            
FA40:122E  50                   push ax                                 
FA40:122F  53                   push bx                                 
FA40:1230  51                   push cx                                 
FA40:1231  52                   push dx                                 
FA40:1232  b2f2                 mov dl, 0xf2                            
FA40:1234  b90a00               mov cx, 0xa                             
FA40:1237  33db                 xor bx, bx                              
FA40:1239  e873f9               call sub_0BAF                           
FA40:123C  83fb00               cmp bx, 0                               
FA40:123F  740d                 je loc_124E                             
FA40:1241  b0fc                 mov al, 0xfc                            
FA40:1243  e877ef               call sub_01BD                           
FA40:1246  3ac3                 cmp al, bl                              
FA40:1248  7504                 jne loc_124E                            
FA40:124A  f8                   clc                                     
FA40:124B  eb02                 jmp loc_124F                            
FA40:124D  db 90h

loc_124E:   ; xref 123F 1248
FA40:124E  f9                   stc                                     

loc_124F:   ; xref 124B
FA40:124F  5a                   pop dx                                  
FA40:1250  59                   pop cx                                  
FA40:1251  5b                   pop bx                                  
FA40:1252  58                   pop ax                                  
FA40:1253  7244                 jb loc_1299                             

loc_1255:   ; xref 122C
FA40:1255  3c2f                 cmp al, 0x2f                            
FA40:1257  7731                 ja loc_128A                             
FA40:1259  3c0f                 cmp al, 0xf                             
FA40:125B  7606                 jbe loc_1263                            
FA40:125D  8ae0                 mov ah, al                              
FA40:125F  b00f                 mov al, 0xf                             
FA40:1261  eb02                 jmp loc_1265                            

loc_1263:   ; xref 125B
FA40:1263  32e4                 xor ah, ah                              

loc_1265:   ; xref 1261
FA40:1265  3c02                 cmp al, 2                               
FA40:1267  7406                 je loc_126F                             
FA40:1269  3c03                 cmp al, 3                               
FA40:126B  741d                 je loc_128A                             
FA40:126D  eb07                 jmp loc_1276                            

loc_126F:   ; xref 1267
FA40:126F  80f904               cmp cl, 4                               
FA40:1272  7402                 je loc_1276                             
FA40:1274  b003                 mov al, 3                               

loc_1276:   ; xref 126D 1272
FA40:1276  d2e0                 shl al, cl                              
FA40:1278  202e1200             and byte ptr [0x12], ch                 
FA40:127C  08061200             or byte ptr [0x12], al                  
FA40:1280  88a40000             mov byte ptr [si], ah                   
FA40:1284  091e3400             or word ptr [0x34], bx                  
FA40:1288  eb0e                 jmp loc_1298                            

loc_128A:   ; xref 1257 126B
FA40:128A  e85001               call sub_13DD                           
FA40:128D  e80008               call sub_1A90                           
FA40:1290  dw 13A9h   ; inline argument  -> 3459h "Entry is an invalid fixed disk type\r\n"

loc_1292:   ; xref 0D26 0D38 0D4A 0D5C 12A1
FA40:1292  e8f506               call sub_198A                           
FA40:1295  e8d006               call sub_1968                           

loc_1298:   ; xref 1288
FA40:1298  c3                   ret                                     

loc_1299:   ; xref 1253
FA40:1299  e84101               call sub_13DD                           
FA40:129C  e8f107               call sub_1A90                           
FA40:129F  dw 13D0h   ; inline argument  -> 3480h "Before set, run the USERHDD Utility\r\n"
FA40:12A1  ebef                 jmp loc_1292                            

loc_12A3:   ; xref 1058
FA40:12A3  e80100               call sub_12A7                           
FA40:12A6  c3                   ret                                     

sub_12A7:   ; xref 12A3
FA40:12A7  c3                   ret                                     
FA40:12A8  db 50h,52h,B9h,40h,00h,E8h,73h,09h,0Bh,C9h,5Ah,58h,C3h

loc_12B5:   ; xref 1058
FA40:12B5  e81901               call sub_13D1                           
FA40:12B8  3c00                 cmp al, 0                               
FA40:12BA  7510                 jne loc_12CC                            
FA40:12BC  e8d406               call sub_1993                           
FA40:12BF  e8ce07               call sub_1A90                           
FA40:12C2  dw 13F7h   ; inline argument  -> 34A7h "In order to change the screen width for this adapter, refer "
FA40:12C4  e8c306               call sub_198A                           
FA40:12C7  e89e06               call sub_1968                           
FA40:12CA  eb44                 jmp loc_1310                            

loc_12CC:   ; xref 12BA
FA40:12CC  3c03                 cmp al, 3                               
FA40:12CE  7510                 jne loc_12E0                            
FA40:12D0  e80a01               call sub_13DD                           
FA40:12D3  e8ba07               call sub_1A90                           
FA40:12D6  dw 146Eh   ; inline argument  -> 351Eh "The mono alpha display width cannot be set.\r\n"
FA40:12D8  e8af06               call sub_198A                           
FA40:12DB  e88a06               call sub_1968                           
FA40:12DE  eb30                 jmp loc_1310                            

loc_12E0:   ; xref 12CE
FA40:12E0  bf6601               mov di, 0x166                           
FA40:12E3  e8f805               call sub_18DE                           
FA40:12E6  3c40                 cmp al, 0x40                            
FA40:12E8  7414                 je loc_12FE                             
FA40:12EA  3c80                 cmp al, 0x80                            
FA40:12EC  7410                 je loc_12FE                             
FA40:12EE  e8ec00               call sub_13DD                           
FA40:12F1  e89c07               call sub_1A90                           
FA40:12F4  dw 149Dh   ; inline argument  -> 354Dh "Entry is invalid for screen width.\r\n"
FA40:12F6  e89106               call sub_198A                           
FA40:12F9  e86c06               call sub_1968                           
FA40:12FC  eb12                 jmp loc_1310                            

loc_12FE:   ; xref 12E8 12EC
FA40:12FE  b106                 mov cl, 6                               
FA40:1300  d2c0                 rol al, cl                              
FA40:1302  80261400cf           and byte ptr [0x14], 0xcf               
FA40:1307  08061400             or byte ptr [0x14], al                  
FA40:130B  830e340004           or word ptr [0x34], 4                   

loc_1310:   ; xref 12CA 12DE 12FC
FA40:1310  c3                   ret                                     

loc_1311:   ; xref 1058
FA40:1311  e8ca05               call sub_18DE                           
FA40:1314  3c09                 cmp al, 9                               
FA40:1316  7204                 jb loc_131C                             
FA40:1318  e80a00               call sub_1325                           
FA40:131B  c3                   ret                                     

loc_131C:   ; xref 1316
FA40:131C  a24e02               mov byte ptr [0x24e], al                
FA40:131F  830e340002           or word ptr [0x34], 2                   
FA40:1324  c3                   ret                                     

sub_1325:   ; xref 1318
FA40:1325  e8b500               call sub_13DD                           
FA40:1328  e86507               call sub_1A90                           
FA40:132B  dw 14C3h   ; inline argument  -> 3573h "Entry is an invalid Monitor type.\r\n"
FA40:132D  e85a06               call sub_198A                           
FA40:1330  e83506               call sub_1968                           
FA40:1333  c3                   ret                                     

loc_1334:   ; xref 1058
FA40:1334  bf6301               mov di, 0x163                           
FA40:1337  e8a405               call sub_18DE                           
FA40:133A  3c01                 cmp al, 1                               
FA40:133C  7510                 jne loc_134E                            
FA40:133E  e85206               call sub_1993                           
FA40:1341  e84c07               call sub_1A90                           
FA40:1344  dw 14E8h   ; inline argument  -> 3598h
FA40:1346  e84106               call sub_198A                           
FA40:1349  e81c06               call sub_1968                           
FA40:134C  eb43                 jmp loc_1391                            

loc_134E:   ; xref 133C
FA40:134E  3c02                 cmp al, 2                               
FA40:1350  7531                 jne loc_1383                            
FA40:1352  e87c00               call sub_13D1                           
FA40:1355  3c00                 cmp al, 0                               
FA40:1357  7505                 jne loc_135E                            
FA40:1359  e85400               call sub_13B0                           
FA40:135C  eb23                 jmp loc_1381                            

loc_135E:   ; xref 1357
FA40:135E  e86a00               call sub_13CB                           
FA40:1361  3c03                 cmp al, 3                               
FA40:1363  750f                 jne loc_1374                            
FA40:1365  e8dd00               call sub_1445                           
FA40:1368  7505                 jne loc_136F                            
FA40:136A  e84300               call sub_13B0                           
FA40:136D  eb03                 jmp loc_1372                            

loc_136F:   ; xref 1368
FA40:136F  e82000               call sub_1392                           

loc_1372:   ; xref 136D
FA40:1372  eb0d                 jmp loc_1381                            

loc_1374:   ; xref 1363
FA40:1374  e8ce00               call sub_1445                           
FA40:1377  7505                 jne loc_137E                            
FA40:1379  e83400               call sub_13B0                           
FA40:137C  eb03                 jmp loc_1381                            

loc_137E:   ; xref 1377
FA40:137E  e82000               call sub_13A1                           

loc_1381:   ; xref 135C 1372 137C
FA40:1381  eb0e                 jmp loc_1391                            

loc_1383:   ; xref 1350
FA40:1383  e85700               call sub_13DD                           
FA40:1386  e80707               call sub_1A90                           
FA40:1389  dw 14EBh   ; inline argument  -> 359Bh "Entry is invalid for primary CRT adapter.\r\n"
FA40:138B  e8fc05               call sub_198A                           
FA40:138E  e8d705               call sub_1968                           

loc_1391:   ; xref 134C 1381
FA40:1391  c3                   ret                                     

sub_1392:   ; xref 136F
FA40:1392  e8fe05               call sub_1993                           
FA40:1395  e8f806               call sub_1A90                           
FA40:1398  dw 1518h   ; inline argument  -> 35C8h "Only a mono alpha display adapter has been detected. Refer t"
FA40:139A  e8ed05               call sub_198A                           
FA40:139D  e8c805               call sub_1968                           
FA40:13A0  c3                   ret                                     

sub_13A1:   ; xref 137E
FA40:13A1  e8ef05               call sub_1993                           
FA40:13A4  e8e906               call sub_1A90                           
FA40:13A7  dw 15C1h   ; inline argument  -> 3671h "Only a graphics display adapter has been detected. Refer to "
FA40:13A9  e8de05               call sub_198A                           
FA40:13AC  e8b905               call sub_1968                           
FA40:13AF  c3                   ret                                     

sub_13B0:   ; xref 1359 136A 1379
FA40:13B0  e8e005               call sub_1993                           
FA40:13B3  e8da06               call sub_1A90                           
FA40:13B6  dw 1668h   ; inline argument  -> 3718h "If the primary display is to be changed, refer to the instal"
FA40:13B8  e8cf05               call sub_198A                           
FA40:13BB  e8aa05               call sub_1968                           
FA40:13BE  c3                   ret                                     

sub_13BF:   ; xref 0F85
FA40:13BF  e810fc               call sub_0FD2                           
FA40:13C2  e81bfc               call sub_0FE0                           
FA40:13C5  e8c806               call sub_1A90                           
FA40:13C8  dw 16D8h   ; inline argument  -> 3788h "Current primary display setting conflicts with switch\r\nset"
FA40:13CA  c3                   ret                                     

sub_13CB:   ; xref 135E
FA40:13CB  51                   push cx                                 
FA40:13CC  cd11                 int 0x11                                ; BIOS/DOS service INT 0x11
FA40:13CE  eb05                 jmp loc_13D5                            
FA40:13D0  db 90h

sub_13D1:   ; xref 12B5 1352 1402 1413
FA40:13D1  51                   push cx                                 
FA40:13D2  a01400               mov al, byte ptr [0x14]                 

loc_13D5:   ; xref 13CE
FA40:13D5  2430                 and al, 0x30                            
FA40:13D7  b104                 mov cl, 4                               
FA40:13D9  d2e8                 shr al, cl                              
FA40:13DB  59                   pop cx                                  
FA40:13DC  c3                   ret                                     

sub_13DD:   ; xref 0D1E 0D30 0D42 0D54 10BB 1110 113E 116A ...
FA40:13DD  e8b305               call sub_1993                           
FA40:13E0  e8ad06               call sub_1A90                           
FA40:13E3  dw 174Eh   ; inline argument  -> 37FEh "**** Entry error ****\r\n"
FA40:13E5  60                   pushaw                                  
FA40:13E6  b80315               mov ax, 0x1503                          
FA40:13E9  e85507               call sub_1B41                           
FA40:13EC  b119                 mov cl, 0x19                            
FA40:13EE  8a1ec812             mov bl, byte ptr [0x12c8]               
FA40:13F2  e8ad09               call sub_1DA2                           
FA40:13F5  b80316               mov ax, 0x1603                          
FA40:13F8  e84607               call sub_1B41                           
FA40:13FB  61                   popaw                                   
FA40:13FC  c3                   ret                                     

sub_13FD:   ; xref 0318
FA40:13FD  e87e00               call sub_147E                           
FA40:1400  750e                 jne loc_1410                            
FA40:1402  e8ccff               call sub_13D1                           
FA40:1405  3c00                 cmp al, 0                               
FA40:1407  7405                 je loc_140E                             
FA40:1409  b300                 mov bl, 0                               
FA40:140B  e81c00               call sub_142A                           

loc_140E:   ; xref 1407
FA40:140E  eb0e                 jmp loc_141E                            

loc_1410:   ; xref 1400
FA40:1410  e8f803               call sub_180B                           
FA40:1413  e8bbff               call sub_13D1                           
FA40:1416  e80600               call sub_141F                           
FA40:1419  7403                 je loc_141E                             
FA40:141B  e80c00               call sub_142A                           

loc_141E:   ; xref 140E 1419
FA40:141E  c3                   ret                                     

sub_141F:   ; xref 1416
FA40:141F  50                   push ax                                 
FA40:1420  3c01                 cmp al, 1                               
FA40:1422  7502                 jne loc_1426                            
FA40:1424  b002                 mov al, 2                               

loc_1426:   ; xref 1422
FA40:1426  3ac3                 cmp al, bl                              
FA40:1428  58                   pop ax                                  
FA40:1429  c3                   ret                                     

sub_142A:   ; xref 140B 141B
FA40:142A  80261400cf           and byte ptr [0x14], 0xcf               
FA40:142F  830e340008           or word ptr [0x34], 8                   
FA40:1434  b104                 mov cl, 4                               
FA40:1436  d2e3                 shl bl, cl                              
FA40:1438  081e1400             or byte ptr [0x14], bl                  
FA40:143C  c3                   ret                                     
FA40:143D  db 00h,B0h,00h,B8h,00h,E0h,00h,C0h

sub_1445:   ; xref 1365 1374
FA40:1445  e80300               call sub_144B                           
FA40:1448  3c03                 cmp al, 3                               
FA40:144A  c3                   ret                                     

sub_144B:   ; xref 1445
FA40:144B  1e                   push ds                                 
FA40:144C  53                   push bx                                 
FA40:144D  52                   push dx                                 
FA40:144E  32c0                 xor al, al                              
FA40:1450  2e8e1e3d14           mov ds, word ptr cs:[0x143d]            
FA40:1455  c706a00f55aa         mov word ptr [0xfa0], 0xaa55            
FA40:145B  813ea00f55aa         cmp word ptr [0xfa0], 0xaa55            
FA40:1461  7502                 jne loc_1465                            
FA40:1463  0c01                 or al, 1                                

loc_1465:   ; xref 1461
FA40:1465  2e8e1e3f14           mov ds, word ptr cs:[0x143f]            
FA40:146A  c706a00f55aa         mov word ptr [0xfa0], 0xaa55            
FA40:1470  813ea00f55aa         cmp word ptr [0xfa0], 0xaa55            
FA40:1476  7502                 jne loc_147A                            
FA40:1478  0c02                 or al, 2                                

loc_147A:   ; xref 1476
FA40:147A  5a                   pop dx                                  
FA40:147B  5b                   pop bx                                  
FA40:147C  1f                   pop ds                                  
FA40:147D  c3                   ret                                     

sub_147E:   ; xref 13FD
FA40:147E  1e                   push ds                                 
FA40:147F  53                   push bx                                 
FA40:1480  33db                 xor bx, bx                              
FA40:1482  2e8e1e4114           mov ds, word ptr cs:[0x1441]            
FA40:1487  813f55aa             cmp word ptr [bx], 0xaa55               
FA40:148B  7419                 je loc_14A6                             
FA40:148D  2e8e1e4314           mov ds, word ptr cs:[0x1443]            

loc_1492:   ; xref 14A2
FA40:1492  81fb0078             cmp bx, 0x7800                          
FA40:1496  770c                 ja loc_14A4                             
FA40:1498  813f55aa             cmp word ptr [bx], 0xaa55               
FA40:149C  7408                 je loc_14A6                             
FA40:149E  81c30008             add bx, 0x800                           
FA40:14A2  ebee                 jmp loc_1492                            

loc_14A4:   ; xref 1496
FA40:14A4  0c01                 or al, 1                                

loc_14A6:   ; xref 148B 149C
FA40:14A6  5b                   pop bx                                  
FA40:14A7  1f                   pop ds                                  
FA40:14A8  c3                   ret                                     

sub_14A9:   ; xref 00BD
FA40:14A9  e82f00               call sub_14DB                           
FA40:14AC  7503                 jne loc_14B1                            
FA40:14AE  e80100               call sub_14B2                           

loc_14B1:   ; xref 14AC
FA40:14B1  c3                   ret                                     

sub_14B2:   ; xref 10FF 14AE
FA40:14B2  56                   push si                                 
FA40:14B3  be0000               mov si, 0                               
FA40:14B6  8a4404               mov al, byte ptr [si + 4]               
FA40:14B9  e86001               call sub_161C                           
FA40:14BC  3c17                 cmp al, 0x17                            
FA40:14BE  7717                 ja loc_14D7                             
FA40:14C0  8a4402               mov al, byte ptr [si + 2]               
FA40:14C3  e85601               call sub_161C                           
FA40:14C6  3c3b                 cmp al, 0x3b                            
FA40:14C8  770d                 ja loc_14D7                             
FA40:14CA  8a04                 mov al, byte ptr [si]                   
FA40:14CC  e84d01               call sub_161C                           
FA40:14CF  3c3b                 cmp al, 0x3b                            
FA40:14D1  7704                 ja loc_14D7                             
FA40:14D3  32c0                 xor al, al                              
FA40:14D5  eb02                 jmp loc_14D9                            

loc_14D7:   ; xref 14BE 14C8 14D1
FA40:14D7  0c01                 or al, 1                                

loc_14D9:   ; xref 14D5
FA40:14D9  5e                   pop si                                  
FA40:14DA  c3                   ret                                     

sub_14DB:   ; xref 10AA 14A9
FA40:14DB  53                   push bx                                 
FA40:14DC  51                   push cx                                 
FA40:14DD  52                   push dx                                 
FA40:14DE  56                   push si                                 
FA40:14DF  be0000               mov si, 0                               
FA40:14E2  e82800               call sub_150D                           
FA40:14E5  751f                 jne loc_1506                            
FA40:14E7  e83800               call sub_1522                           
FA40:14EA  751a                 jne loc_1506                            
FA40:14EC  e85c00               call sub_154B                           
FA40:14EF  7515                 jne loc_1506                            
FA40:14F1  e89b00               call sub_158F                           
FA40:14F4  384406               cmp byte ptr [si + 6], al               
FA40:14F7  7409                 je loc_1502                             
FA40:14F9  e809ed               call sub_0205                           
FA40:14FC  a20600               mov byte ptr [6], al                    
FA40:14FF  e831ed               call sub_0233                           

loc_1502:   ; xref 14F7
FA40:1502  32c0                 xor al, al                              
FA40:1504  eb02                 jmp loc_1508                            

loc_1506:   ; xref 14E5 14EA 14EF
FA40:1506  0c01                 or al, 1                                

loc_1508:   ; xref 1504
FA40:1508  5e                   pop si                                  
FA40:1509  5a                   pop dx                                  
FA40:150A  59                   pop cx                                  
FA40:150B  5b                   pop bx                                  
FA40:150C  c3                   ret                                     

sub_150D:   ; xref 14E2
FA40:150D  8a4408               mov al, byte ptr [si + 8]               
FA40:1510  e80901               call sub_161C                           
FA40:1513  3c01                 cmp al, 1                               
FA40:1515  7208                 jb loc_151F                             
FA40:1517  3c0c                 cmp al, 0xc                             
FA40:1519  7704                 ja loc_151F                             
FA40:151B  32c0                 xor al, al                              
FA40:151D  eb02                 jmp loc_1521                            

loc_151F:   ; xref 1515 1519
FA40:151F  0c01                 or al, 1                                

loc_1521:   ; xref 151D
FA40:1521  c3                   ret                                     

sub_1522:   ; xref 14E7
FA40:1522  8a6432               mov ah, byte ptr [si + 0x32]            
FA40:1525  8a4409               mov al, byte ptr [si + 9]               
FA40:1528  33d2                 xor dx, dx                              
FA40:152A  e80a07               call sub_1C37                           
FA40:152D  3dbc07               cmp ax, 0x7bc                           
FA40:1530  7209                 jb loc_153B                             
FA40:1532  3d3308               cmp ax, 0x833                           
FA40:1535  7704                 ja loc_153B                             
FA40:1537  32c0                 xor al, al                              
FA40:1539  eb02                 jmp loc_153D                            

loc_153B:   ; xref 1530 1535
FA40:153B  0c01                 or al, 1                                

loc_153D:   ; xref 1539
FA40:153D  c3                   ret                                     
FA40:153E  db 00h,1Fh,1Ch,1Fh,1Eh,1Fh,1Eh,1Fh,1Fh,1Eh,1Fh,1Eh,1Fh

sub_154B:   ; xref 14EC
FA40:154B  8a4408               mov al, byte ptr [si + 8]               
FA40:154E  e8cb00               call sub_161C                           
FA40:1551  8ad8                 mov bl, al                              
FA40:1553  32ff                 xor bh, bh                              
FA40:1555  8a4407               mov al, byte ptr [si + 7]               
FA40:1558  e8c100               call sub_161C                           
FA40:155B  3c01                 cmp al, 1                               
FA40:155D  720b                 jb loc_156A                             
FA40:155F  2e3a873e15           cmp al, byte ptr cs:[bx + 0x153e]       
FA40:1564  7704                 ja loc_156A                             
FA40:1566  32c0                 xor al, al                              
FA40:1568  eb17                 jmp loc_1581                            

loc_156A:   ; xref 155D 1564
FA40:156A  e81500               call sub_1582                           
FA40:156D  7510                 jne loc_157F                            
FA40:156F  807c0802             cmp byte ptr [si + 8], 2                
FA40:1573  750a                 jne loc_157F                            
FA40:1575  807c0729             cmp byte ptr [si + 7], 0x29             
FA40:1579  7504                 jne loc_157F                            
FA40:157B  32c0                 xor al, al                              
FA40:157D  eb02                 jmp loc_1581                            

loc_157F:   ; xref 156D 1573 1579
FA40:157F  0c01                 or al, 1                                

loc_1581:   ; xref 1568 157D
FA40:1581  c3                   ret                                     

sub_1582:   ; xref 156A
FA40:1582  8a4409               mov al, byte ptr [si + 9]               
FA40:1585  e89400               call sub_161C                           
FA40:1588  b104                 mov cl, 4                               
FA40:158A  f6f1                 div cl                                  
FA40:158C  0ae4                 or ah, ah                               
FA40:158E  c3                   ret                                     

sub_158F:   ; xref 10A4 14F1
FA40:158F  53                   push bx                                 
FA40:1590  51                   push cx                                 
FA40:1591  52                   push dx                                 
FA40:1592  57                   push di                                 
FA40:1593  56                   push si                                 
FA40:1594  e86200               call sub_15F9                           
FA40:1597  8bc7                 mov ax, di                              
FA40:1599  48                   dec ax                                  
FA40:159A  33d2                 xor dx, dx                              
FA40:159C  b90400               mov cx, 4                               
FA40:159F  f7f1                 div cx                                  
FA40:15A1  2dee01               sub ax, 0x1ee                           
FA40:15A4  50                   push ax                                 
FA40:15A5  8bc7                 mov ax, di                              
FA40:15A7  2dbc07               sub ax, 0x7bc                           
FA40:15AA  b96d01               mov cx, 0x16d                           
FA40:15AD  f7e1                 mul cx                                  
FA40:15AF  59                   pop cx                                  
FA40:15B0  03c1                 add ax, cx                              
FA40:15B2  8acf                 mov cl, bh                              
FA40:15B4  32ed                 xor ch, ch                              
FA40:15B6  33f6                 xor si, si                              
FA40:15B8  e30b                 jcxz loc_15C5                           

loc_15BA:   ; xref 15C3
FA40:15BA  2e02843e15           add al, byte ptr cs:[si + 0x153e]       
FA40:15BF  80d400               adc ah, 0                               
FA40:15C2  46                   inc si                                  
FA40:15C3  e2f5                 loop loc_15BA                           

loc_15C5:   ; xref 15B8
FA40:15C5  02c3                 add al, bl                              
FA40:15C7  80d400               adc ah, 0                               
FA40:15CA  50                   push ax                                 
FA40:15CB  80ff02               cmp bh, 2                               
FA40:15CE  7613                 jbe loc_15E3                            
FA40:15D0  8bc7                 mov ax, di                              
FA40:15D2  33d2                 xor dx, dx                              
FA40:15D4  b90400               mov cx, 4                               
FA40:15D7  f7f1                 div cx                                  
FA40:15D9  83fa00               cmp dx, 0                               
FA40:15DC  7505                 jne loc_15E3                            
FA40:15DE  ba0100               mov dx, 1                               
FA40:15E1  eb02                 jmp loc_15E5                            

loc_15E3:   ; xref 15CE 15DC
FA40:15E3  33d2                 xor dx, dx                              

loc_15E5:   ; xref 15E1
FA40:15E5  58                   pop ax                                  
FA40:15E6  03c2                 add ax, dx                              
FA40:15E8  40                   inc ax                                  
FA40:15E9  33d2                 xor dx, dx                              
FA40:15EB  b90700               mov cx, 7                               
FA40:15EE  f7f1                 div cx                                  
FA40:15F0  8bc2                 mov ax, dx                              
FA40:15F2  40                   inc ax                                  
FA40:15F3  5e                   pop si                                  
FA40:15F4  5f                   pop di                                  
FA40:15F5  5a                   pop dx                                  
FA40:15F6  59                   pop cx                                  
FA40:15F7  5b                   pop bx                                  
FA40:15F8  c3                   ret                                     

sub_15F9:   ; xref 1594
FA40:15F9  56                   push si                                 
FA40:15FA  be0000               mov si, 0                               
FA40:15FD  8a4409               mov al, byte ptr [si + 9]               
FA40:1600  8a6432               mov ah, byte ptr [si + 0x32]            
FA40:1603  33d2                 xor dx, dx                              
FA40:1605  e82f06               call sub_1C37                           
FA40:1608  8bf8                 mov di, ax                              
FA40:160A  8a4408               mov al, byte ptr [si + 8]               
FA40:160D  e80c00               call sub_161C                           
FA40:1610  8af8                 mov bh, al                              
FA40:1612  8a4407               mov al, byte ptr [si + 7]               
FA40:1615  e80400               call sub_161C                           
FA40:1618  8ad8                 mov bl, al                              
FA40:161A  5e                   pop si                                  
FA40:161B  c3                   ret                                     

sub_161C:   ; xref 14B9 14C3 14CC 1510 154E 1558 1585 160D ...
FA40:161C  52                   push dx                                 
FA40:161D  32e4                 xor ah, ah                              
FA40:161F  33d2                 xor dx, dx                              
FA40:1621  e81306               call sub_1C37                           
FA40:1624  5a                   pop dx                                  
FA40:1625  c3                   ret                                     

sub_1626:   ; xref 0315
FA40:1626  2ea1d01f             mov ax, word ptr cs:[0x1fd0]            
FA40:162A  a33600               mov word ptr [0x36], ax                 
FA40:162D  2ea19b24             mov ax, word ptr cs:[0x249b]            
FA40:1631  e80d05               call sub_1B41                           
FA40:1634  e83a00               call sub_1671                           
FA40:1637  c3                   ret                                     

sub_1638:   ; xref 031B 105D
FA40:1638  a13400               mov ax, word ptr [0x34]                 
FA40:163B  a33600               mov word ptr [0x36], ax                 
FA40:163E  2ea19e24             mov ax, word ptr cs:[0x249e]            
FA40:1642  e8fc04               call sub_1B41                           
FA40:1645  e82900               call sub_1671                           
FA40:1648  c3                   ret                                     

jumptable_1649:
FA40:1649  dw loc_16A5
FA40:164B  dw loc_16AC
FA40:164D  dw loc_1717
FA40:164F  dw loc_171F
FA40:1651  dw sub_1742
FA40:1653  dw sub_174E
FA40:1655  dw loc_179D
FA40:1657  dw loc_17B5
FA40:1659  dw loc_17DE
FA40:165B  dw loc_1804
FA40:165D  dw loc_0400
FA40:165F  dw loc_0200
FA40:1661  dw loc_0100
FA40:1663  db 80h,00h,40h,00h,20h,00h,10h,00h,08h,00h,04h,00h,02h,00h

sub_1671:   ; xref 1634 1645
FA40:1671  53                   push bx                                 
FA40:1672  56                   push si                                 
FA40:1673  33db                 xor bx, bx                              

loc_1675:   ; xref 16A0
FA40:1675  83fb14               cmp bx, 0x14                            
FA40:1678  7328                 jae loc_16A2                            
FA40:167A  50                   push ax                                 
FA40:167B  2e8b875d16           mov ax, word ptr cs:[bx + 0x165d]       
FA40:1680  85063600             test word ptr [0x36], ax                
FA40:1684  58                   pop ax                                  
FA40:1685  7411                 je loc_1698                             
FA40:1687  50                   push ax                                 
FA40:1688  53                   push bx                                 
FA40:1689  56                   push si                                 
FA40:168A  be1838               mov si, 0x3818                          
FA40:168D  e81a04               call sub_1AAA                           
FA40:1690  5e                   pop si                                  
FA40:1691  2eff974916           call word ptr cs:[bx + 0x1649]          
FA40:1696  5b                   pop bx                                  
FA40:1697  58                   pop ax                                  

loc_1698:   ; xref 1685
FA40:1698  fec4                 inc ah                                  
FA40:169A  e8a404               call sub_1B41                           
FA40:169D  83c302               add bx, 2                               
FA40:16A0  ebd3                 jmp loc_1675                            

loc_16A2:   ; xref 1678
FA40:16A2  5e                   pop si                                  
FA40:16A3  5b                   pop bx                                  
FA40:16A4  c3                   ret                                     

loc_16A5:   ; xref 1691
FA40:16A5  be8024               mov si, 0x2480                          ; -> "m-d-y"
FA40:16A8  e80800               call sub_16B3                           
FA40:16AB  c3                   ret                                     

loc_16AC:   ; xref 1691
FA40:16AC  be7924               mov si, 0x2479                          ; -> "h:t:s"
FA40:16AF  e80100               call sub_16B3                           
FA40:16B2  c3                   ret                                     

sub_16B3:   ; xref 16A8 16AF
FA40:16B3  b90300               mov cx, 3                               

loc_16B6:   ; xref 1714
FA40:16B6  2e8a04               mov al, byte ptr cs:[si]                
FA40:16B9  46                   inc si                                  
FA40:16BA  0c20                 or al, 0x20                             
FA40:16BC  3c6d                 cmp al, 0x6d                            
FA40:16BE  7508                 jne loc_16C8                            
FA40:16C0  a00800               mov al, byte ptr [8]                    
FA40:16C3  e8a101               call sub_1867                           
FA40:16C6  eb45                 jmp loc_170D                            

loc_16C8:   ; xref 16BE
FA40:16C8  3c64                 cmp al, 0x64                            
FA40:16CA  7508                 jne loc_16D4                            
FA40:16CC  a00700               mov al, byte ptr [7]                    
FA40:16CF  e89501               call sub_1867                           
FA40:16D2  eb39                 jmp loc_170D                            

loc_16D4:   ; xref 16CA
FA40:16D4  3c79                 cmp al, 0x79                            
FA40:16D6  7511                 jne loc_16E9                            
FA40:16D8  8a263200             mov ah, byte ptr [0x32]                 
FA40:16DC  a00900               mov al, byte ptr [9]                    
FA40:16DF  51                   push cx                                 
FA40:16E0  b90400               mov cx, 4                               
FA40:16E3  e88c01               call sub_1872                           
FA40:16E6  59                   pop cx                                  
FA40:16E7  eb24                 jmp loc_170D                            

loc_16E9:   ; xref 16D6
FA40:16E9  3c68                 cmp al, 0x68                            
FA40:16EB  7508                 jne loc_16F5                            
FA40:16ED  a00400               mov al, byte ptr [4]                    
FA40:16F0  e87401               call sub_1867                           
FA40:16F3  eb18                 jmp loc_170D                            

loc_16F5:   ; xref 16EB
FA40:16F5  3c74                 cmp al, 0x74                            
FA40:16F7  7508                 jne loc_1701                            
FA40:16F9  a00200               mov al, byte ptr [2]                    
FA40:16FC  e86801               call sub_1867                           
FA40:16FF  eb0c                 jmp loc_170D                            

loc_1701:   ; xref 16F7
FA40:1701  3c73                 cmp al, 0x73                            
FA40:1703  7508                 jne loc_170D                            
FA40:1705  a00000               mov al, byte ptr [0]                    
FA40:1708  e85c01               call sub_1867                           
FA40:170B  eb00                 jmp loc_170D                            

loc_170D:   ; xref 16C6 16D2 16E7 16F3 16FF 1703 170B
FA40:170D  2e8a04               mov al, byte ptr cs:[si]                
FA40:1710  e87003               call sub_1A83                           
FA40:1713  46                   inc si                                  
FA40:1714  e2a0                 loop loc_16B6                           
FA40:1716  c3                   ret                                     

loc_1717:   ; xref 1691
FA40:1717  b5f0                 mov ch, 0xf0                            
FA40:1719  b104                 mov cl, 4                               
FA40:171B  e80900               call sub_1727                           
FA40:171E  c3                   ret                                     

loc_171F:   ; xref 1691
FA40:171F  b50f                 mov ch, 0xf                             
FA40:1721  b100                 mov cl, 0                               
FA40:1723  e80100               call sub_1727                           
FA40:1726  c3                   ret                                     

sub_1727:   ; xref 171B 1723
FA40:1727  8a1e1000             mov bl, byte ptr [0x10]                 
FA40:172B  be3217               mov si, 0x1732                          ; -> ",8;8I8W8e8s8"
FA40:172E  e81801               call sub_1849                           
FA40:1731  c3                   ret                                     
FA40:1732  db ",8;8I8W8e8s8"
FA40:173E  db 81h,38h,1Eh,39h

sub_1742:   ; xref 03F8 1691
FA40:1742  8a261900             mov ah, byte ptr [0x19]                 
FA40:1746  b5f0                 mov ch, 0xf0                            
FA40:1748  b104                 mov cl, 4                               
FA40:174A  e80d00               call sub_175A                           
FA40:174D  c3                   ret                                     

sub_174E:   ; xref 03FE 1691
FA40:174E  8a261a00             mov ah, byte ptr [0x1a]                 
FA40:1752  b50f                 mov ch, 0xf                             
FA40:1754  b100                 mov cl, 0                               
FA40:1756  e80100               call sub_175A                           
FA40:1759  c3                   ret                                     

sub_175A:   ; xref 174A 1756
FA40:175A  a01200               mov al, byte ptr [0x12]                 
FA40:175D  22c5                 and al, ch                              
FA40:175F  d2e8                 shr al, cl                              
FA40:1761  3c00                 cmp al, 0                               
FA40:1763  7508                 jne loc_176D                            

loc_1765:   ; xref 1784
FA40:1765  e82803               call sub_1A90                           
FA40:1768  dw 17DFh   ; inline argument  -> 388Fh "Not installed"
FA40:176A  eb30                 jmp loc_179C                            
FA40:176C  db 90h

loc_176D:   ; xref 1763
FA40:176D  3c01                 cmp al, 1                               
FA40:176F  7508                 jne loc_1779                            
FA40:1771  e81c03               call sub_1A90                           
FA40:1774  dw 17EEh   ; inline argument  -> 389Eh "USERHDD"
FA40:1776  eb24                 jmp loc_179C                            
FA40:1778  db 90h

loc_1779:   ; xref 176F
FA40:1779  3c02                 cmp al, 2                               
FA40:177B  7409                 je loc_1786                             
FA40:177D  3c03                 cmp al, 3                               
FA40:177F  750d                 jne loc_178E                            
FA40:1781  80f904               cmp cl, 4                               
FA40:1784  74df                 je loc_1765                             

loc_1786:   ; xref 177B
FA40:1786  e80703               call sub_1A90                           
FA40:1789  dw 17F7h   ; inline argument  -> 38A7h "Automatic"
FA40:178B  eb0f                 jmp loc_179C                            
FA40:178D  db 90h

loc_178E:   ; xref 177F
FA40:178E  e8ff02               call sub_1A90                           
FA40:1791  dw 1802h   ; inline argument  -> 38B2h "Type "
FA40:1793  3c0f                 cmp al, 0xf                             
FA40:1795  7502                 jne loc_1799                            
FA40:1797  8ac4                 mov al, ah                              

loc_1799:   ; xref 1795
FA40:1799  e8bc00               call sub_1858                           

loc_179C:   ; xref 176A 1776 178B
FA40:179C  c3                   ret                                     

loc_179D:   ; xref 1691
FA40:179D  33d2                 xor dx, dx                              
FA40:179F  a11700               mov ax, word ptr [0x17]                 
FA40:17A2  b90600               mov cx, 6                               
FA40:17A5  e80100               call sub_17A9                           
FA40:17A8  c3                   ret                                     

sub_17A9:   ; xref 17A5
FA40:17A9  e81a04               call sub_1BC6                           
FA40:17AC  e8c300               call sub_1872                           
FA40:17AF  e8de02               call sub_1A90                           
FA40:17B2  dw 1809h   ; inline argument  -> 38B9h
FA40:17B4  c3                   ret                                     

loc_17B5:   ; xref 1691
FA40:17B5  b530                 mov ch, 0x30                            
FA40:17B7  b104                 mov cl, 4                               
FA40:17B9  8a1e1400             mov bl, byte ptr [0x14]                 
FA40:17BD  e83800               call sub_17F8                           
FA40:17C0  7505                 jne loc_17C7                            
FA40:17C2  bed617               mov si, 0x17d6                          
FA40:17C5  eb03                 jmp loc_17CA                            

loc_17C7:   ; xref 17C0
FA40:17C7  bece17               mov si, 0x17ce                          

loc_17CA:   ; xref 17C5
FA40:17CA  e87c00               call sub_1849                           
FA40:17CD  c3                   ret                                     
FA40:17CE  db 1Eh,39h,BEh,38h,BEh,38h,D8h,38h,1Eh,39h,EEh,38h,EEh,38h,08h,39h

loc_17DE:   ; xref 1691
FA40:17DE  b530                 mov ch, 0x30                            
FA40:17E0  b104                 mov cl, 4                               
FA40:17E2  8a1e1400             mov bl, byte ptr [0x14]                 
FA40:17E6  e80f00               call sub_17F8                           
FA40:17E9  bef017               mov si, 0x17f0                          
FA40:17EC  e85a00               call sub_1849                           
FA40:17EF  c3                   ret                                     
FA40:17F0  db 1Eh
FA40:17F1  db "9'93939"

sub_17F8:   ; xref 17BD 17E6
FA40:17F8  f6c330               test bl, 0x30                           
FA40:17FB  7506                 jne loc_1803                            
FA40:17FD  cd11                 int 0x11                                ; BIOS/DOS service INT 0x11
FA40:17FF  8ad8                 mov bl, al                              
FA40:1801  32c0                 xor al, al                              

loc_1803:   ; xref 17FB
FA40:1803  c3                   ret                                     

loc_1804:   ; xref 1691
FA40:1804  a04e02               mov al, byte ptr [0x24e]                
FA40:1807  e84e00               call sub_1858                           
FA40:180A  c3                   ret                                     

sub_180B:   ; xref 1410
FA40:180B  50                   push ax                                 
FA40:180C  51                   push cx                                 
FA40:180D  fa                   cli                                     
FA40:180E  b90080               mov cx, 0x8000                          

loc_1811:   ; xref 1815
FA40:1811  e464                 in al, 0x64                             ; port 64h: KBC status/cmd
FA40:1813  a802                 test al, 2                              
FA40:1815  e0fa                 loopne loc_1811                         
FA40:1817  b0c0                 mov al, 0xc0                            
FA40:1819  e664                 out 0x64, al                            ; port 64h: KBC status/cmd
FA40:181B  eb00                 jmp loc_181D                            

loc_181D:   ; xref 181B
FA40:181D  eb00                 jmp loc_181F                            

loc_181F:   ; xref 181D
FA40:181F  50                   push ax                                 
FA40:1820  58                   pop ax                                  
FA40:1821  33c9                 xor cx, cx                              

loc_1823:   ; xref 1827
FA40:1823  e464                 in al, 0x64                             ; port 64h: KBC status/cmd
FA40:1825  a802                 test al, 2                              
FA40:1827  e0fa                 loopne loc_1823                         
FA40:1829  33c9                 xor cx, cx                              
FA40:182B  b306                 mov bl, 6                               

loc_182D:   ; xref 1833 1837
FA40:182D  e464                 in al, 0x64                             ; port 64h: KBC status/cmd
FA40:182F  a801                 test al, 1                              
FA40:1831  7506                 jne loc_1839                            
FA40:1833  e2f8                 loop loc_182D                           
FA40:1835  fecb                 dec bl                                  
FA40:1837  75f4                 jne loc_182D                            

loc_1839:   ; xref 1831
FA40:1839  e460                 in al, 0x60                             ; port 60h: KBC data
FA40:183B  2440                 and al, 0x40                            
FA40:183D  7404                 je loc_1843                             
FA40:183F  b303                 mov bl, 3                               
FA40:1841  eb02                 jmp loc_1845                            

loc_1843:   ; xref 183D
FA40:1843  b302                 mov bl, 2                               

loc_1845:   ; xref 1841
FA40:1845  59                   pop cx                                  
FA40:1846  58                   pop ax                                  
FA40:1847  fb                   sti                                     
FA40:1848  c3                   ret                                     

sub_1849:   ; xref 172E 17CA 17EC
FA40:1849  22dd                 and bl, ch                              
FA40:184B  d2eb                 shr bl, cl                              
FA40:184D  32ff                 xor bh, bh                              
FA40:184F  03db                 add bx, bx                              
FA40:1851  2e8b30               mov si, word ptr cs:[bx + si]           
FA40:1854  e85302               call sub_1AAA                           
FA40:1857  c3                   ret                                     

sub_1858:   ; xref 1799 1807
FA40:1858  50                   push ax                                 
FA40:1859  52                   push dx                                 
FA40:185A  32e4                 xor ah, ah                              
FA40:185C  33d2                 xor dx, dx                              
FA40:185E  e86503               call sub_1BC6                           
FA40:1861  e80300               call sub_1867                           
FA40:1864  5a                   pop dx                                  
FA40:1865  58                   pop ax                                  
FA40:1866  c3                   ret                                     

sub_1867:   ; xref 16C3 16CF 16F0 16FC 1708 1861
FA40:1867  50                   push ax                                 
FA40:1868  51                   push cx                                 
FA40:1869  b90200               mov cx, 2                               
FA40:186C  e80300               call sub_1872                           
FA40:186F  59                   pop cx                                  
FA40:1870  58                   pop ax                                  
FA40:1871  c3                   ret                                     

sub_1872:   ; xref 046C 16E3 17AC 186C
FA40:1872  50                   push ax                                 
FA40:1873  52                   push dx                                 
FA40:1874  57                   push di                                 
FA40:1875  56                   push si                                 
FA40:1876  51                   push cx                                 
FA40:1877  bf6e01               mov di, 0x16e                           
FA40:187A  c60500               mov byte ptr [di], 0                    
FA40:187D  92                   xchg dx, ax                             
FA40:187E  e82500               call sub_18A6                           
FA40:1881  92                   xchg dx, ax                             
FA40:1882  e82100               call sub_18A6                           
FA40:1885  8a05                 mov al, byte ptr [di]                   
FA40:1887  47                   inc di                                  
FA40:1888  2ac1                 sub al, cl                              
FA40:188A  32e4                 xor ah, ah                              
FA40:188C  03f8                 add di, ax                              
FA40:188E  e8c102               call sub_1B52                           
FA40:1891  80fc05               cmp ah, 5                               
FA40:1894  7405                 je loc_189B                             
FA40:1896  b030                 mov al, 0x30                            
FA40:1898  f3ae                 repe scasb al, byte ptr es:[di]         
FA40:189A  4f                   dec di                                  

loc_189B:   ; xref 1894
FA40:189B  8bf7                 mov si, di                              
FA40:189D  e87900               call sub_1919                           
FA40:18A0  59                   pop cx                                  
FA40:18A1  5e                   pop si                                  
FA40:18A2  5f                   pop di                                  
FA40:18A3  5a                   pop dx                                  
FA40:18A4  58                   pop ax                                  
FA40:18A5  c3                   ret                                     

sub_18A6:   ; xref 187E 1882
FA40:18A6  50                   push ax                                 
FA40:18A7  52                   push dx                                 
FA40:18A8  57                   push di                                 
FA40:18A9  8bd0                 mov dx, ax                              
FA40:18AB  8a05                 mov al, byte ptr [di]                   
FA40:18AD  32e4                 xor ah, ah                              
FA40:18AF  03f8                 add di, ax                              
FA40:18B1  47                   inc di                                  
FA40:18B2  8bc2                 mov ax, dx                              
FA40:18B4  8ad0                 mov dl, al                              
FA40:18B6  8ac4                 mov al, ah                              
FA40:18B8  e81700               call sub_18D2                           
FA40:18BB  053030               add ax, 0x3030                          
FA40:18BE  ab                   stosw word ptr es:[di], ax              
FA40:18BF  8ac2                 mov al, dl                              
FA40:18C1  e80e00               call sub_18D2                           
FA40:18C4  053030               add ax, 0x3030                          
FA40:18C7  ab                   stosw word ptr es:[di], ax              
FA40:18C8  c60500               mov byte ptr [di], 0                    
FA40:18CB  5f                   pop di                                  
FA40:18CC  800504               add byte ptr [di], 4                    
FA40:18CF  5a                   pop dx                                  
FA40:18D0  58                   pop ax                                  
FA40:18D1  c3                   ret                                     

sub_18D2:   ; xref 18B8 18C1
FA40:18D2  51                   push cx                                 
FA40:18D3  b104                 mov cl, 4                               
FA40:18D5  8ae0                 mov ah, al                              
FA40:18D7  80e40f               and ah, 0xf                             
FA40:18DA  d2e8                 shr al, cl                              
FA40:18DC  59                   pop cx                                  
FA40:18DD  c3                   ret                                     

sub_18DE:   ; xref 107C 1085 108E 10E7 10F0 10F9 1130 115C ...
FA40:18DE  53                   push bx                                 
FA40:18DF  51                   push cx                                 
FA40:18E0  56                   push si                                 
FA40:18E1  33d2                 xor dx, dx                              
FA40:18E3  33db                 xor bx, bx                              
FA40:18E5  8a0d                 mov cl, byte ptr [di]                   
FA40:18E7  32ed                 xor ch, ch                              
FA40:18E9  e322                 jcxz loc_190D                           
FA40:18EB  83f908               cmp cx, 8                               
FA40:18EE  771d                 ja loc_190D                             
FA40:18F0  8bf7                 mov si, di                              
FA40:18F2  46                   inc si                                  

loc_18F3:   ; xref 1909
FA40:18F3  51                   push cx                                 
FA40:18F4  b104                 mov cl, 4                               
FA40:18F6  d3e2                 shl dx, cl                              
FA40:18F8  8bc3                 mov ax, bx                              
FA40:18FA  2500f0               and ax, 0xf000                          
FA40:18FD  d3c0                 rol ax, cl                              
FA40:18FF  0bd0                 or dx, ax                               
FA40:1901  d3e3                 shl bx, cl                              
FA40:1903  59                   pop cx                                  
FA40:1904  ac                   lodsb al, byte ptr [si]                 
FA40:1905  2c30                 sub al, 0x30                            
FA40:1907  0ad8                 or bl, al                               
FA40:1909  e2e8                 loop loc_18F3                           
FA40:190B  eb06                 jmp loc_1913                            

loc_190D:   ; xref 18E9 18EE
FA40:190D  bbffff               mov bx, 0xffff                          
FA40:1910  baffff               mov dx, 0xffff                          

loc_1913:   ; xref 190B
FA40:1913  8bc3                 mov ax, bx                              
FA40:1915  5e                   pop si                                  
FA40:1916  59                   pop cx                                  
FA40:1917  5b                   pop bx                                  
FA40:1918  c3                   ret                                     

sub_1919:   ; xref 189D
FA40:1919  50                   push ax                                 
FA40:191A  52                   push dx                                 
FA40:191B  e83402               call sub_1B52                           
FA40:191E  8bd0                 mov dx, ax                              
FA40:1920  e8a901               call sub_1ACC                           
FA40:1923  5a                   pop dx                                  
FA40:1924  58                   pop ax                                  
FA40:1925  c3                   ret                                     

sub_1926:   ; xref 0312
FA40:1926  e8f201               call sub_1B1B                           
FA40:1929  56                   push si                                 
FA40:192A  be9e00               mov si, 0x9e                            
FA40:192D  e88000               call sub_19B0                           
FA40:1930  5e                   pop si                                  
FA40:1931  56                   push si                                 
FA40:1932  beab00               mov si, 0xab                            
FA40:1935  e87800               call sub_19B0                           
FA40:1938  5e                   pop si                                  
FA40:1939  56                   push si                                 
FA40:193A  beb800               mov si, 0xb8                            
FA40:193D  e87000               call sub_19B0                           
FA40:1940  5e                   pop si                                  
FA40:1941  56                   push si                                 
FA40:1942  bec500               mov si, 0xc5                            
FA40:1945  e86800               call sub_19B0                           
FA40:1948  5e                   pop si                                  
FA40:1949  e81600               call sub_1962                           
FA40:194C  e84101               call sub_1A90                           
FA40:194F  dw 188Fh   ; inline argument  -> 393Fh "Device                  Current settings\r\n\r\nDate________"
FA40:1951  e83c01               call sub_1A90                           
FA40:1954  dw 19C0h   ; inline argument  -> 3A70h "New settings"
FA40:1956  e81200               call sub_196B                           
FA40:1959  60                   pushaw                                  
FA40:195A  b80202               mov ax, 0x202                           
FA40:195D  e8b803               call sub_1D18                           
FA40:1960  61                   popaw                                   
FA40:1961  c3                   ret                                     

sub_1962:   ; xref 007E 1949
FA40:1962  e82b01               call sub_1A90                           
FA40:1965  dw 19CFh   ; inline argument  -> 3A7Fh "Setup, Version 2.01.00 (3230)\r\n"
FA40:1967  c3                   ret                                     

sub_1968:   ; xref 044F 10C6 111B 1149 1175 11C5 11E8 1217 ...
FA40:1968  e82800               call sub_1993                           

sub_196B:   ; xref 1956
FA40:196B  e82201               call sub_1A90                           
FA40:196E  dw 19F1h   ; inline argument  -> 3AA1h "  Move up a selection"
FA40:1970  e81d01               call sub_1A90                           
FA40:1973  dw 1A0Ah   ; inline argument  -> 3ABAh "F2  Software Controlled Registers"
FA40:1975  e81801               call sub_1A90                           
FA40:1978  dw 1A2Eh   ; inline argument  -> 3ADEh "  Move down a selection"
FA40:197A  e81301               call sub_1A90                           
FA40:197D  dw 1A49h   ; inline argument  -> 3AF9h "ESC Exit without changes"
FA40:197F  e80e01               call sub_1A90                           
FA40:1982  dw 1A64h   ; inline argument  -> 3B14h
FA40:1984  e80901               call sub_1A90                           
FA40:1987  dw 1A7Fh   ; inline argument  -> 3B2Fh "END Save the changes and exit"
FA40:1989  c3                   ret                                     

sub_198A:   ; xref 030E 044C 0779 10C3 1118 1146 1172 11C2 ...
FA40:198A  e80301               call sub_1A90                           
FA40:198D  dw 1A9Fh   ; inline argument  -> 3B4Fh "Press any key to continue"
FA40:198F  e8f201               call sub_1B84                           
FA40:1992  c3                   ret                                     

sub_1993:   ; xref 03E9 12BC 133E 1392 13A1 13B0 13DD 1968
FA40:1993  2e8b0e9524           mov cx, word ptr cs:[0x2495]            
FA40:1998  2e8b169824           mov dx, word ptr cs:[0x2498]            
FA40:199D  e89101               call sub_1B31                           
FA40:19A0  c3                   ret                                     
FA40:19A1  db 00h,00h,00h,00h,00h,00h,00h,00h,00h,00h,00h,00h,00h,00h,00h

sub_19B0:   ; xref 089F 08A5 08AB 08B1 192D 1935 193D 1945
FA40:19B0  1e                   push ds                                 
FA40:19B1  55                   push bp                                 
FA40:19B2  53                   push bx                                 
FA40:19B3  51                   push cx                                 
FA40:19B4  52                   push dx                                 
FA40:19B5  50                   push ax                                 
FA40:19B6  81c6d01f             add si, 0x1fd0                          
FA40:19BA  e89501               call sub_1B52                           
FA40:19BD  50                   push ax                                 
FA40:19BE  8cc8                 mov ax, cs                              
FA40:19C0  8ed8                 mov ds, ax                              
FA40:19C2  58                   pop ax                                  
FA40:19C3  50                   push ax                                 
FA40:19C4  e81100               call sub_19D8                           
FA40:19C7  e85a00               call sub_1A24                           
FA40:19CA  e81d00               call sub_19EA                           
FA40:19CD  58                   pop ax                                  
FA40:19CE  e87001               call sub_1B41                           
FA40:19D1  58                   pop ax                                  
FA40:19D2  5a                   pop dx                                  
FA40:19D3  59                   pop cx                                  
FA40:19D4  5b                   pop bx                                  
FA40:19D5  5d                   pop bp                                  
FA40:19D6  1f                   pop ds                                  
FA40:19D7  c3                   ret                                     

sub_19D8:   ; xref 19C4
FA40:19D8  8a5405               mov dl, byte ptr [si + 5]               
FA40:19DB  8a7407               mov dh, byte ptr [si + 7]               
FA40:19DE  8a5c06               mov bl, byte ptr [si + 6]               
FA40:19E1  8a24                 mov ah, byte ptr [si]                   
FA40:19E3  8a4401               mov al, byte ptr [si + 1]               
FA40:19E6  e81d00               call sub_1A06                           
FA40:19E9  c3                   ret                                     

sub_19EA:   ; xref 19CA
FA40:19EA  8a6402               mov ah, byte ptr [si + 2]               
FA40:19ED  80fc00               cmp ah, 0                               
FA40:19F0  7413                 je loc_1A05                             
FA40:19F2  fecc                 dec ah                                  
FA40:19F4  0224                 add ah, byte ptr [si]                   
FA40:19F6  8a4401               mov al, byte ptr [si + 1]               
FA40:19F9  8a540a               mov dl, byte ptr [si + 0xa]             
FA40:19FC  8a740c               mov dh, byte ptr [si + 0xc]             
FA40:19FF  8a5c0b               mov bl, byte ptr [si + 0xb]             
FA40:1A02  e80100               call sub_1A06                           

loc_1A05:   ; xref 19F0
FA40:1A05  c3                   ret                                     

sub_1A06:   ; xref 19E6 1A02
FA40:1A06  e83801               call sub_1B41                           
FA40:1A09  8ac2                 mov al, dl                              
FA40:1A0B  e87500               call sub_1A83                           
FA40:1A0E  8a4c03               mov cl, byte ptr [si + 3]               
FA40:1A11  80f902               cmp cl, 2                               
FA40:1A14  760d                 jbe loc_1A23                            
FA40:1A16  80e902               sub cl, 2                               
FA40:1A19  8ac3                 mov al, bl                              
FA40:1A1B  e85200               call sub_1A70                           
FA40:1A1E  8ac6                 mov al, dh                              
FA40:1A20  e86000               call sub_1A83                           

loc_1A23:   ; xref 1A14
FA40:1A23  c3                   ret                                     

sub_1A24:   ; xref 19C7
FA40:1A24  8a24                 mov ah, byte ptr [si]                   
FA40:1A26  8a4401               mov al, byte ptr [si + 1]               
FA40:1A29  e81501               call sub_1B41                           
FA40:1A2C  8a4c02               mov cl, byte ptr [si + 2]               
FA40:1A2F  80f902               cmp cl, 2                               
FA40:1A32  763b                 jbe loc_1A6F                            
FA40:1A34  50                   push ax                                 
FA40:1A35  80e902               sub cl, 2                               
FA40:1A38  32ed                 xor ch, ch                              

loc_1A3A:   ; xref 1A47
FA40:1A3A  fec4                 inc ah                                  
FA40:1A3C  50                   push ax                                 
FA40:1A3D  e80101               call sub_1B41                           
FA40:1A40  8a4408               mov al, byte ptr [si + 8]               
FA40:1A43  e83d00               call sub_1A83                           
FA40:1A46  58                   pop ax                                  
FA40:1A47  e2f1                 loop loc_1A3A                           
FA40:1A49  58                   pop ax                                  
FA40:1A4A  8a4c02               mov cl, byte ptr [si + 2]               
FA40:1A4D  80e902               sub cl, 2                               
FA40:1A50  32ed                 xor ch, ch                              
FA40:1A52  8a5403               mov dl, byte ptr [si + 3]               
FA40:1A55  32f6                 xor dh, dh                              
FA40:1A57  80fa01               cmp dl, 1                               
FA40:1A5A  7613                 jbe loc_1A6F                            
FA40:1A5C  feca                 dec dl                                  

loc_1A5E:   ; xref 1A6D
FA40:1A5E  fec4                 inc ah                                  
FA40:1A60  50                   push ax                                 
FA40:1A61  03c2                 add ax, dx                              
FA40:1A63  e8db00               call sub_1B41                           
FA40:1A66  8a4409               mov al, byte ptr [si + 9]               
FA40:1A69  e81700               call sub_1A83                           
FA40:1A6C  58                   pop ax                                  
FA40:1A6D  e2ef                 loop loc_1A5E                           

loc_1A6F:   ; xref 1A32 1A5A
FA40:1A6F  c3                   ret                                     

sub_1A70:   ; xref 1A1B
FA40:1A70  50                   push ax                                 
FA40:1A71  53                   push bx                                 
FA40:1A72  51                   push cx                                 
FA40:1A73  55                   push bp                                 
FA40:1A74  32ed                 xor ch, ch                              

loc_1A76:   ; xref 1A7C
FA40:1A76  b700                 mov bh, 0                               
FA40:1A78  b40e                 mov ah, 0xe                             
FA40:1A7A  cd10                 int 0x10                                ; BIOS/DOS service INT 0x10
FA40:1A7C  e2f8                 loop loc_1A76                           
FA40:1A7E  5d                   pop bp                                  
FA40:1A7F  59                   pop cx                                  
FA40:1A80  5b                   pop bx                                  
FA40:1A81  58                   pop ax                                  
FA40:1A82  c3                   ret                                     

sub_1A83:   ; xref 03A4 03E2 0799 07BE 07CA 0807 0839 0B33 ...
FA40:1A83  50                   push ax                                 
FA40:1A84  53                   push bx                                 
FA40:1A85  55                   push bp                                 
FA40:1A86  b700                 mov bh, 0                               
FA40:1A88  b40e                 mov ah, 0xe                             
FA40:1A8A  cd10                 int 0x10                                ; BIOS/DOS service INT 0x10
FA40:1A8C  5d                   pop bp                                  
FA40:1A8D  5b                   pop bx                                  
FA40:1A8E  58                   pop ax                                  
FA40:1A8F  c3                   ret                                     

sub_1A90:   ; xref 0309 03EC 0401 0410 041B 0426 0433 0440 ...
FA40:1A90  60                   pushaw                                  
FA40:1A91  1e                   push ds                                 
FA40:1A92  06                   push es                                 
FA40:1A93  8bec                 mov bp, sp                              
FA40:1A95  8b5e14               mov bx, word ptr [bp + 0x14]            
FA40:1A98  2e8b37               mov si, word ptr cs:[bx]                
FA40:1A9B  81c6b020             add si, 0x20b0                          
FA40:1A9F  e80800               call sub_1AAA                           
FA40:1AA2  83461402             add word ptr [bp + 0x14], 2             
FA40:1AA6  07                   pop es                                  
FA40:1AA7  1f                   pop ds                                  
FA40:1AA8  61                   popaw                                   
FA40:1AA9  c3                   ret                                     

sub_1AAA:   ; xref 0FCD 168D 1854 1A9F
FA40:1AAA  50                   push ax                                 
FA40:1AAB  1e                   push ds                                 
FA40:1AAC  56                   push si                                 
FA40:1AAD  8cc8                 mov ax, cs                              
FA40:1AAF  8ed8                 mov ds, ax                              
FA40:1AB1  803cfe               cmp byte ptr [si], 0xfe                 
FA40:1AB4  7505                 jne loc_1ABB                            
FA40:1AB6  e89900               call sub_1B52                           
FA40:1AB9  eb07                 jmp loc_1AC2                            

loc_1ABB:   ; xref 1AB4
FA40:1ABB  2e8b04               mov ax, word ptr cs:[si]                
FA40:1ABE  e88000               call sub_1B41                           
FA40:1AC1  46                   inc si                                  

loc_1AC2:   ; xref 1AB9
FA40:1AC2  46                   inc si                                  
FA40:1AC3  8bd0                 mov dx, ax                              
FA40:1AC5  e80400               call sub_1ACC                           
FA40:1AC8  5e                   pop si                                  
FA40:1AC9  1f                   pop ds                                  
FA40:1ACA  58                   pop ax                                  
FA40:1ACB  c3                   ret                                     

sub_1ACC:   ; xref 1920 1AC5
FA40:1ACC  e89400               call sub_1B63                           
FA40:1ACF  50                   push ax                                 
FA40:1AD0  53                   push bx                                 
FA40:1AD1  56                   push si                                 
FA40:1AD2  55                   push bp                                 

loc_1AD3:   ; xref 1B11
FA40:1AD3  ac                   lodsb al, byte ptr [si]                 
FA40:1AD4  3c0d                 cmp al, 0xd                             
FA40:1AD6  7507                 jne loc_1ADF                            
FA40:1AD8  8bc2                 mov ax, dx                              
FA40:1ADA  e86400               call sub_1B41                           
FA40:1ADD  eb32                 jmp loc_1B11                            

loc_1ADF:   ; xref 1AD6
FA40:1ADF  3c0a                 cmp al, 0xa                             
FA40:1AE1  7524                 jne loc_1B07                            
FA40:1AE3  fec6                 inc dh                                  
FA40:1AE5  80fe18               cmp dh, 0x18                            
FA40:1AE8  7616                 jbe loc_1B00                            
FA40:1AEA  b618                 mov dh, 0x18                            
FA40:1AEC  50                   push ax                                 
FA40:1AED  b700                 mov bh, 0                               
FA40:1AEF  b00d                 mov al, 0xd                             
FA40:1AF1  b40e                 mov ah, 0xe                             
FA40:1AF3  cd10                 int 0x10                                ; BIOS/DOS service INT 0x10
FA40:1AF5  b700                 mov bh, 0                               
FA40:1AF7  b00a                 mov al, 0xa                             
FA40:1AF9  b40e                 mov ah, 0xe                             
FA40:1AFB  cd10                 int 0x10                                ; BIOS/DOS service INT 0x10
FA40:1AFD  58                   pop ax                                  
FA40:1AFE  eb05                 jmp loc_1B05                            

loc_1B00:   ; xref 1AE8
FA40:1B00  8bc2                 mov ax, dx                              
FA40:1B02  e83c00               call sub_1B41                           

loc_1B05:   ; xref 1AFE
FA40:1B05  eb0a                 jmp loc_1B11                            

loc_1B07:   ; xref 1AE1
FA40:1B07  3c00                 cmp al, 0                               
FA40:1B09  7408                 je loc_1B13                             
FA40:1B0B  b700                 mov bh, 0                               
FA40:1B0D  b40e                 mov ah, 0xe                             
FA40:1B0F  cd10                 int 0x10                                ; BIOS/DOS service INT 0x10

loc_1B11:   ; xref 1ADD 1B05
FA40:1B11  ebc0                 jmp loc_1AD3                            

loc_1B13:   ; xref 1B09
FA40:1B13  5d                   pop bp                                  
FA40:1B14  5e                   pop si                                  
FA40:1B15  5b                   pop bx                                  
FA40:1B16  58                   pop ax                                  
FA40:1B17  e84f00               call sub_1B69                           
FA40:1B1A  c3                   ret                                     

sub_1B1B:   ; xref 007B 06D3 1926 1D58 1D63
FA40:1B1B  50                   push ax                                 
FA40:1B1C  51                   push cx                                 
FA40:1B1D  52                   push dx                                 
FA40:1B1E  b90000               mov cx, 0                               
FA40:1B21  ba4e30               mov dx, 0x304e                          
FA40:1B24  e80a00               call sub_1B31                           
FA40:1B27  b80000               mov ax, 0                               
FA40:1B2A  e81400               call sub_1B41                           
FA40:1B2D  5a                   pop dx                                  
FA40:1B2E  59                   pop cx                                  
FA40:1B2F  58                   pop ax                                  
FA40:1B30  c3                   ret                                     

sub_1B31:   ; xref 0FDC 0FEA 199D 1B24
FA40:1B31  50                   push ax                                 
FA40:1B32  53                   push bx                                 
FA40:1B33  55                   push bp                                 
FA40:1B34  8a3ec612             mov bh, byte ptr [0x12c6]               
FA40:1B38  b80006               mov ax, 0x600                           
FA40:1B3B  cd10                 int 0x10                                ; BIOS/DOS service INT 0x10
FA40:1B3D  5d                   pop bp                                  
FA40:1B3E  5b                   pop bx                                  
FA40:1B3F  58                   pop ax                                  
FA40:1B40  c3                   ret                                     

sub_1B41:   ; xref 0343 0455 076F 081F 08E2 08F9 0910 092B ...
FA40:1B41  50                   push ax                                 
FA40:1B42  53                   push bx                                 
FA40:1B43  52                   push dx                                 
FA40:1B44  55                   push bp                                 
FA40:1B45  8bd0                 mov dx, ax                              
FA40:1B47  32ff                 xor bh, bh                              
FA40:1B49  b402                 mov ah, 2                               
FA40:1B4B  cd10                 int 0x10                                ; BIOS/DOS service INT 0x10
FA40:1B4D  5d                   pop bp                                  
FA40:1B4E  5a                   pop dx                                  
FA40:1B4F  5b                   pop bx                                  
FA40:1B50  58                   pop ax                                  
FA40:1B51  c3                   ret                                     

sub_1B52:   ; xref 033B 0A66 0AE5 0B02 0B14 0DF4 188E 191B ...
FA40:1B52  53                   push bx                                 
FA40:1B53  51                   push cx                                 
FA40:1B54  52                   push dx                                 
FA40:1B55  55                   push bp                                 
FA40:1B56  32ff                 xor bh, bh                              
FA40:1B58  b403                 mov ah, 3                               
FA40:1B5A  cd10                 int 0x10                                ; BIOS/DOS service INT 0x10
FA40:1B5C  8bc2                 mov ax, dx                              
FA40:1B5E  5d                   pop bp                                  
FA40:1B5F  5a                   pop dx                                  
FA40:1B60  59                   pop cx                                  
FA40:1B61  5b                   pop bx                                  
FA40:1B62  c3                   ret                                     

sub_1B63:   ; xref 1ACC 1DAB
FA40:1B63  51                   push cx                                 
FA40:1B64  b90031               mov cx, 0x3100                          
FA40:1B67  eb04                 jmp loc_1B6D                            

sub_1B69:   ; xref 1B17 1DD9
FA40:1B69  51                   push cx                                 
FA40:1B6A  b91f0c               mov cx, 0xc1f                           

loc_1B6D:   ; xref 1B67
FA40:1B6D  50                   push ax                                 
FA40:1B6E  55                   push bp                                 
FA40:1B6F  b401                 mov ah, 1                               
FA40:1B71  cd10                 int 0x10                                ; BIOS/DOS service INT 0x10
FA40:1B73  5d                   pop bp                                  
FA40:1B74  58                   pop ax                                  
FA40:1B75  59                   pop cx                                  
FA40:1B76  c3                   ret                                     
FA40:1B77  db 55h,B4h,00h,CDh,16h,E8h,04h,FFh,E8h,0Ch,00h,5Dh,C3h

sub_1B84:   ; xref 0333 0A74 198F
FA40:1B84  55                   push bp                                 
FA40:1B85  b400                 mov ah, 0                               
FA40:1B87  cd16                 int 0x16                                ; BIOS/DOS service INT 0x16
FA40:1B89  e80200               call sub_1B8E                           
FA40:1B8C  5d                   pop bp                                  
FA40:1B8D  c3                   ret                                     

sub_1B8E:   ; xref 1B89
FA40:1B8E  0ac0                 or al, al                               
FA40:1B90  7506                 jne loc_1B98                            
FA40:1B92  8ac4                 mov al, ah                              
FA40:1B94  32e4                 xor ah, ah                              
FA40:1B96  eb24                 jmp loc_1BBC                            

loc_1B98:   ; xref 1B90
FA40:1B98  8ae0                 mov ah, al                              
FA40:1B9A  3c61                 cmp al, 0x61                            
FA40:1B9C  7202                 jb loc_1BA0                             
FA40:1B9E  2c20                 sub al, 0x20                            

loc_1BA0:   ; xref 1B9C
FA40:1BA0  3c30                 cmp al, 0x30                            
FA40:1BA2  7209                 jb loc_1BAD                             
FA40:1BA4  3c39                 cmp al, 0x39                            
FA40:1BA6  7705                 ja loc_1BAD                             
FA40:1BA8  e81200               call sub_1BBD                           
FA40:1BAB  eb0f                 jmp loc_1BBC                            

loc_1BAD:   ; xref 1BA2 1BA6
FA40:1BAD  3c41                 cmp al, 0x41                            
FA40:1BAF  7209                 jb loc_1BBA                             
FA40:1BB1  3c46                 cmp al, 0x46                            
FA40:1BB3  7705                 ja loc_1BBA                             
FA40:1BB5  e80500               call sub_1BBD                           
FA40:1BB8  eb02                 jmp loc_1BBC                            

loc_1BBA:   ; xref 1BAF 1BB3
FA40:1BBA  b0ff                 mov al, 0xff                            

loc_1BBC:   ; xref 1B96 1BAB 1BB8
FA40:1BBC  c3                   ret                                     

sub_1BBD:   ; xref 1BA8 1BB5
FA40:1BBD  2c30                 sub al, 0x30                            
FA40:1BBF  3c09                 cmp al, 9                               
FA40:1BC1  7602                 jbe loc_1BC5                            
FA40:1BC3  2c07                 sub al, 7                               

loc_1BC5:   ; xref 1BC1
FA40:1BC5  c3                   ret                                     

sub_1BC6:   ; xref 17A9 185E
FA40:1BC6  53                   push bx                                 
FA40:1BC7  51                   push cx                                 
FA40:1BC8  56                   push si                                 
FA40:1BC9  57                   push di                                 
FA40:1BCA  32db                 xor bl, bl                              
FA40:1BCC  b708                 mov bh, 8                               
FA40:1BCE  e80900               call sub_1BDA                           
FA40:1BD1  8bc6                 mov ax, si                              
FA40:1BD3  8bd7                 mov dx, di                              
FA40:1BD5  5f                   pop di                                  
FA40:1BD6  5e                   pop si                                  
FA40:1BD7  59                   pop cx                                  
FA40:1BD8  5b                   pop bx                                  
FA40:1BD9  c3                   ret                                     

sub_1BDA:   ; xref 1BCE 1C05
FA40:1BDA  b90a00               mov cx, 0xa                             
FA40:1BDD  e84300               call sub_1C23                           
FA40:1BE0  fec3                 inc bl                                  
FA40:1BE2  51                   push cx                                 
FA40:1BE3  8bc8                 mov cx, ax                              
FA40:1BE5  0bca                 or cx, dx                               
FA40:1BE7  750e                 jne loc_1BF7                            

loc_1BE9:   ; xref 1BF5
FA40:1BE9  3adf                 cmp bl, bh                              
FA40:1BEB  741b                 je loc_1C08                             
FA40:1BED  b80000               mov ax, 0                               
FA40:1BF0  e81a00               call sub_1C0D                           
FA40:1BF3  fec3                 inc bl                                  
FA40:1BF5  ebf2                 jmp loc_1BE9                            

loc_1BF7:   ; xref 1BE7
FA40:1BF7  3afb                 cmp bh, bl                              
FA40:1BF9  750a                 jne loc_1C05                            
FA40:1BFB  e30b                 jcxz loc_1C08                           
FA40:1BFD  58                   pop ax                                  
FA40:1BFE  b8ffff               mov ax, 0xffff                          
FA40:1C01  e80900               call sub_1C0D                           
FA40:1C04  c3                   ret                                     

loc_1C05:   ; xref 1BF9
FA40:1C05  e8d2ff               call sub_1BDA                           

loc_1C08:   ; xref 1BEB 1BFB
FA40:1C08  58                   pop ax                                  
FA40:1C09  e80100               call sub_1C0D                           
FA40:1C0C  c3                   ret                                     

sub_1C0D:   ; xref 1BF0 1C01 1C09
FA40:1C0D  51                   push cx                                 
FA40:1C0E  50                   push ax                                 
FA40:1C0F  b104                 mov cl, 4                               
FA40:1C11  8bc6                 mov ax, si                              
FA40:1C13  2500f0               and ax, 0xf000                          
FA40:1C16  d3c0                 rol ax, cl                              
FA40:1C18  d3e7                 shl di, cl                              
FA40:1C1A  0bf8                 or di, ax                               
FA40:1C1C  d3e6                 shl si, cl                              
FA40:1C1E  58                   pop ax                                  
FA40:1C1F  0bf0                 or si, ax                               
FA40:1C21  59                   pop cx                                  
FA40:1C22  c3                   ret                                     

sub_1C23:   ; xref 1BDD
FA40:1C23  56                   push si                                 
FA40:1C24  53                   push bx                                 
FA40:1C25  8bd9                 mov bx, cx                              
FA40:1C27  8bc8                 mov cx, ax                              
FA40:1C29  8bc2                 mov ax, dx                              
FA40:1C2B  33d2                 xor dx, dx                              
FA40:1C2D  f7f3                 div bx                                  
FA40:1C2F  91                   xchg cx, ax                             
FA40:1C30  f7f3                 div bx                                  
FA40:1C32  87d1                 xchg cx, dx                             
FA40:1C34  5b                   pop bx                                  
FA40:1C35  5e                   pop si                                  
FA40:1C36  c3                   ret                                     

sub_1C37:   ; xref 1227 152A 1605 1621
FA40:1C37  53                   push bx                                 
FA40:1C38  51                   push cx                                 
FA40:1C39  57                   push di                                 
FA40:1C3A  56                   push si                                 
FA40:1C3B  8bfa                 mov di, dx                              
FA40:1C3D  8bf0                 mov si, ax                              
FA40:1C3F  33d2                 xor dx, dx                              
FA40:1C41  33c0                 xor ax, ax                              
FA40:1C43  b90800               mov cx, 8                               

loc_1C46:   ; xref 1C78
FA40:1C46  51                   push cx                                 
FA40:1C47  b90a00               mov cx, 0xa                             
FA40:1C4A  52                   push dx                                 
FA40:1C4B  f7e1                 mul cx                                  
FA40:1C4D  8bd8                 mov bx, ax                              
FA40:1C4F  58                   pop ax                                  
FA40:1C50  52                   push dx                                 
FA40:1C51  f7e1                 mul cx                                  
FA40:1C53  8bd0                 mov dx, ax                              
FA40:1C55  59                   pop cx                                  
FA40:1C56  03d1                 add dx, cx                              
FA40:1C58  8bc3                 mov ax, bx                              
FA40:1C5A  50                   push ax                                 
FA40:1C5B  52                   push dx                                 
FA40:1C5C  8bdf                 mov bx, di                              
FA40:1C5E  b104                 mov cl, 4                               
FA40:1C60  d3e7                 shl di, cl                              
FA40:1C62  d3c6                 rol si, cl                              
FA40:1C64  d3c3                 rol bx, cl                              
FA40:1C66  83e30f               and bx, 0xf                             
FA40:1C69  8bc6                 mov ax, si                              
FA40:1C6B  250f00               and ax, 0xf                             
FA40:1C6E  0bf8                 or di, ax                               
FA40:1C70  5a                   pop dx                                  
FA40:1C71  58                   pop ax                                  
FA40:1C72  03c3                 add ax, bx                              
FA40:1C74  83d200               adc dx, 0                               
FA40:1C77  59                   pop cx                                  
FA40:1C78  e2cc                 loop loc_1C46                           
FA40:1C7A  5e                   pop si                                  
FA40:1C7B  5f                   pop di                                  
FA40:1C7C  59                   pop cx                                  
FA40:1C7D  5b                   pop bx                                  
FA40:1C7E  c3                   ret                                     

sub_1C7F:   ; xref 034E 0359
FA40:1C7F  60                   pushaw                                  
FA40:1C80  e8cffe               call sub_1B52                           
FA40:1C83  50                   push ax                                 
FA40:1C84  803e3e0109           cmp byte ptr [0x13e], 9                 
FA40:1C89  7560                 jne loc_1CEB                            
FA40:1C8B  52                   push dx                                 
FA40:1C8C  bac403               mov dx, 0x3c4                           
FA40:1C8F  b006                 mov al, 6                               
FA40:1C91  ee                   out dx, al                              ; port in DX
FA40:1C92  e6eb                 out 0xeb, al                            
FA40:1C94  e6eb                 out 0xeb, al                            
FA40:1C96  42                   inc dx                                  
FA40:1C97  ec                   in al, dx                               ; port in DX
FA40:1C98  50                   push ax                                 
FA40:1C99  e6eb                 out 0xeb, al                            
FA40:1C9B  e6eb                 out 0xeb, al                            
FA40:1C9D  b000                 mov al, 0                               
FA40:1C9F  ee                   out dx, al                              ; port in DX
FA40:1CA0  e6eb                 out 0xeb, al                            
FA40:1CA2  e6eb                 out 0xeb, al                            
FA40:1CA4  4a                   dec dx                                  
FA40:1CA5  b006                 mov al, 6                               
FA40:1CA7  ee                   out dx, al                              ; port in DX
FA40:1CA8  e6eb                 out 0xeb, al                            
FA40:1CAA  e6eb                 out 0xeb, al                            
FA40:1CAC  42                   inc dx                                  
FA40:1CAD  ec                   in al, dx                               ; port in DX
FA40:1CAE  e6eb                 out 0xeb, al                            
FA40:1CB0  e6eb                 out 0xeb, al                            
FA40:1CB2  3c0f                 cmp al, 0xf                             
FA40:1CB4  7533                 jne loc_1CE9                            
FA40:1CB6  4a                   dec dx                                  
FA40:1CB7  b006                 mov al, 6                               
FA40:1CB9  ee                   out dx, al                              ; port in DX
FA40:1CBA  e6eb                 out 0xeb, al                            
FA40:1CBC  e6eb                 out 0xeb, al                            
FA40:1CBE  42                   inc dx                                  
FA40:1CBF  b012                 mov al, 0x12                            
FA40:1CC1  ee                   out dx, al                              ; port in DX
FA40:1CC2  e6eb                 out 0xeb, al                            
FA40:1CC4  e6eb                 out 0xeb, al                            
FA40:1CC6  4a                   dec dx                                  
FA40:1CC7  b006                 mov al, 6                               
FA40:1CC9  ee                   out dx, al                              ; port in DX
FA40:1CCA  e6eb                 out 0xeb, al                            
FA40:1CCC  e6eb                 out 0xeb, al                            
FA40:1CCE  42                   inc dx                                  
FA40:1CCF  ec                   in al, dx                               ; port in DX
FA40:1CD0  e6eb                 out 0xeb, al                            
FA40:1CD2  e6eb                 out 0xeb, al                            
FA40:1CD4  3c12                 cmp al, 0x12                            
FA40:1CD6  7511                 jne loc_1CE9                            
FA40:1CD8  4a                   dec dx                                  
FA40:1CD9  b006                 mov al, 6                               
FA40:1CDB  ee                   out dx, al                              ; port in DX
FA40:1CDC  e6eb                 out 0xeb, al                            
FA40:1CDE  e6eb                 out 0xeb, al                            
FA40:1CE0  42                   inc dx                                  
FA40:1CE1  58                   pop ax                                  
FA40:1CE2  ee                   out dx, al                              ; port in DX
FA40:1CE3  5a                   pop dx                                  
FA40:1CE4  e8dce9               call sub_06C3                           
FA40:1CE7  eb07                 jmp loc_1CF0                            

loc_1CE9:   ; xref 1CB4 1CD6
FA40:1CE9  58                   pop ax                                  
FA40:1CEA  5a                   pop dx                                  

loc_1CEB:   ; xref 1C89
FA40:1CEB  b007                 mov al, 7                               
FA40:1CED  e893fd               call sub_1A83                           

loc_1CF0:   ; xref 1CE7
FA40:1CF0  58                   pop ax                                  
FA40:1CF1  e84dfe               call sub_1B41                           
FA40:1CF4  61                   popaw                                   
FA40:1CF5  c3                   ret                                     

sub_1CF6:   ; xref 03B8 03C2
FA40:1CF6  60                   pushaw                                  
FA40:1CF7  803e3e0104           cmp byte ptr [0x13e], 4                 
FA40:1CFC  7506                 jne loc_1D04                            
FA40:1CFE  e8e8e6               call sub_03E9                           
FA40:1D01  eb13                 jmp loc_1D16                            
FA40:1D03  db 90h

loc_1D04:   ; xref 1CFC
FA40:1D04  803e3e0105           cmp byte ptr [0x13e], 5                 
FA40:1D09  7506                 jne loc_1D11                            
FA40:1D0B  e8dbe6               call sub_03E9                           
FA40:1D0E  eb06                 jmp loc_1D16                            
FA40:1D10  db 90h

loc_1D11:   ; xref 1D09
FA40:1D11  b007                 mov al, 7                               
FA40:1D13  e86dfd               call sub_1A83                           

loc_1D16:   ; xref 1D01 1D0E
FA40:1D16  61                   popaw                                   
FA40:1D17  c3                   ret                                     

sub_1D18:   ; xref 0418 08BD 195D
FA40:1D18  50                   push ax                                 
FA40:1D19  e825fe               call sub_1B41                           
FA40:1D1C  8a1ec712             mov bl, byte ptr [0x12c7]               
FA40:1D20  e8cbf2               call sub_0FEE                           
FA40:1D23  58                   pop ax                                  
FA40:1D24  c3                   ret                                     

sub_1D25:   ; xref 06C9 0847
FA40:1D25  60                   pushaw                                  
FA40:1D26  06                   push es                                 
FA40:1D27  1e                   push ds                                 
FA40:1D28  07                   pop es                                  
FA40:1D29  06                   push es                                 
FA40:1D2A  b9d007               mov cx, 0x7d0                           
FA40:1D2D  bf5202               mov di, 0x252                           
FA40:1D30  be0000               mov si, 0                               
FA40:1D33  53                   push bx                                 
FA40:1D34  bb4904               mov bx, 0x449                           
FA40:1D37  b80000               mov ax, 0                               
FA40:1D3A  8ed8                 mov ds, ax                              
FA40:1D3C  8a07                 mov al, byte ptr [bx]                   
FA40:1D3E  5b                   pop bx                                  
FA40:1D3F  3c03                 cmp al, 3                               
FA40:1D41  7406                 je loc_1D49                             
FA40:1D43  b800b0               mov ax, 0xb000                          
FA40:1D46  eb04                 jmp loc_1D4C                            
FA40:1D48  db 90h

loc_1D49:   ; xref 1D41
FA40:1D49  b800b8               mov ax, 0xb800                          

loc_1D4C:   ; xref 1D46
FA40:1D4C  8ed8                 mov ds, ax                              
FA40:1D4E  f3a5                 rep movsw word ptr es:[di], word ptr [si]
FA40:1D50  1f                   pop ds                                  
FA40:1D51  07                   pop es                                  
FA40:1D52  b90000               mov cx, 0                               
FA40:1D55  ba4f18               mov dx, 0x184f                          
FA40:1D58  e8c0fd               call sub_1B1B                           
FA40:1D5B  61                   popaw                                   
FA40:1D5C  c3                   ret                                     

sub_1D5D:   ; xref 0783 0883
FA40:1D5D  b90000               mov cx, 0                               
FA40:1D60  ba4f18               mov dx, 0x184f                          
FA40:1D63  e8b5fd               call sub_1B1B                           
FA40:1D66  06                   push es                                 
FA40:1D67  53                   push bx                                 
FA40:1D68  bb4904               mov bx, 0x449                           
FA40:1D6B  b80000               mov ax, 0                               
FA40:1D6E  8ec0                 mov es, ax                              
FA40:1D70  268a07               mov al, byte ptr es:[bx]                
FA40:1D73  5b                   pop bx                                  
FA40:1D74  3c03                 cmp al, 3                               
FA40:1D76  7406                 je loc_1D7E                             
FA40:1D78  b800b0               mov ax, 0xb000                          
FA40:1D7B  eb04                 jmp loc_1D81                            
FA40:1D7D  db 90h

loc_1D7E:   ; xref 1D76
FA40:1D7E  b800b8               mov ax, 0xb800                          

loc_1D81:   ; xref 1D7B
FA40:1D81  8ec0                 mov es, ax                              
FA40:1D83  b9d007               mov cx, 0x7d0                           
FA40:1D86  bf0000               mov di, 0                               
FA40:1D89  be5202               mov si, 0x252                           
FA40:1D8C  f3a5                 rep movsw word ptr es:[di], word ptr [si]
FA40:1D8E  07                   pop es                                  
FA40:1D8F  c3                   ret                                     

sub_1D90:   ; xref 0857
FA40:1D90  b80304               mov ax, 0x403                           
FA40:1D93  0226bc12             add ah, byte ptr [0x12bc]               
FA40:1D97  e8a7fd               call sub_1B41                           
FA40:1D9A  8a1ec712             mov bl, byte ptr [0x12c7]               
FA40:1D9E  e80100               call sub_1DA2                           
FA40:1DA1  c3                   ret                                     

sub_1DA2:   ; xref 0BF9 0C10 0C1A 0E8F 0FF3 13F2 1D9E
FA40:1DA2  51                   push cx                                 
FA40:1DA3  53                   push bx                                 
FA40:1DA4  c6061a0200           mov byte ptr [0x21a], 0                 
FA40:1DA9  55                   push bp                                 
FA40:1DAA  51                   push cx                                 
FA40:1DAB  e8b5fd               call sub_1B63                           
FA40:1DAE  e8a1fd               call sub_1B52                           
FA40:1DB1  59                   pop cx                                  
FA40:1DB2  50                   push ax                                 
FA40:1DB3  8bd0                 mov dx, ax                              
FA40:1DB5  fec9                 dec cl                                  
FA40:1DB7  2ac8                 sub cl, al                              
FA40:1DB9  32ed                 xor ch, ch                              
FA40:1DBB  32ff                 xor bh, bh                              

loc_1DBD:   ; xref 1DD3
FA40:1DBD  8bc2                 mov ax, dx                              
FA40:1DBF  e87ffd               call sub_1B41                           
FA40:1DC2  53                   push bx                                 
FA40:1DC3  b408                 mov ah, 8                               
FA40:1DC5  cd10                 int 0x10                                ; BIOS/DOS service INT 0x10
FA40:1DC7  5b                   pop bx                                  
FA40:1DC8  51                   push cx                                 
FA40:1DC9  b409                 mov ah, 9                               
FA40:1DCB  b90100               mov cx, 1                               
FA40:1DCE  cd10                 int 0x10                                ; BIOS/DOS service INT 0x10
FA40:1DD0  59                   pop cx                                  
FA40:1DD1  fec2                 inc dl                                  
FA40:1DD3  e2e8                 loop loc_1DBD                           
FA40:1DD5  58                   pop ax                                  
FA40:1DD6  e868fd               call sub_1B41                           
FA40:1DD9  e88dfd               call sub_1B69                           
FA40:1DDC  5d                   pop bp                                  
FA40:1DDD  5b                   pop bx                                  
FA40:1DDE  59                   pop cx                                  
FA40:1DDF  c3                   ret                                     

sub_1DE0:   ; xref 0B2B
FA40:1DE0  51                   push cx                                 
FA40:1DE1  88261a02             mov byte ptr [0x21a], ah                
FA40:1DE5  e86afd               call sub_1B52                           
FA40:1DE8  50                   push ax                                 
FA40:1DE9  b80310               mov ax, 0x1003                          
FA40:1DEC  e852fd               call sub_1B41                           
FA40:1DEF  8a261a02             mov ah, byte ptr [0x21a]                
FA40:1DF3  e85bf0               call sub_0E51                           
FA40:1DF6  58                   pop ax                                  
FA40:1DF7  e847fd               call sub_1B41                           
FA40:1DFA  59                   pop cx                                  
FA40:1DFB  fec1                 inc cl                                  
FA40:1DFD  c3                   ret                                     

sub_1DFE:   ; xref 0C9F
FA40:1DFE  bb1500               mov bx, 0x15                            
FA40:1E01  c68779015a           mov byte ptr [bx + 0x179], 0x5a         
FA40:1E06  803ebc1200           cmp byte ptr [0x12bc], 0                
FA40:1E0B  7510                 jne loc_1E1D                            
FA40:1E0D  8026be127f           and byte ptr [0x12be], 0x7f             
FA40:1E12  80fc30               cmp ah, 0x30                            
FA40:1E15  7405                 je loc_1E1C                             
FA40:1E17  800ebe1280           or byte ptr [0x12be], 0x80              

loc_1E1C:   ; xref 1E15
FA40:1E1C  c3                   ret                                     

loc_1E1D:   ; xref 1E0B
FA40:1E1D  803ebc1201           cmp byte ptr [0x12bc], 1                
FA40:1E22  7510                 jne loc_1E34                            
FA40:1E24  8026be12bf           and byte ptr [0x12be], 0xbf             
FA40:1E29  80fc30               cmp ah, 0x30                            
FA40:1E2C  7405                 je loc_1E33                             
FA40:1E2E  800ebe1240           or byte ptr [0x12be], 0x40              

loc_1E33:   ; xref 1E2C
FA40:1E33  c3                   ret                                     

loc_1E34:   ; xref 1E22
FA40:1E34  803ebc1202           cmp byte ptr [0x12bc], 2                
FA40:1E39  7510                 jne loc_1E4B                            
FA40:1E3B  8026c412fe           and byte ptr [0x12c4], 0xfe             
FA40:1E40  80fc30               cmp ah, 0x30                            
FA40:1E43  7405                 je loc_1E4A                             
FA40:1E45  800ec41201           or byte ptr [0x12c4], 1                 

loc_1E4A:   ; xref 1E43
FA40:1E4A  c3                   ret                                     

loc_1E4B:   ; xref 1E39
FA40:1E4B  803ebc1203           cmp byte ptr [0x12bc], 3                
FA40:1E50  751d                 jne loc_1E6F                            
FA40:1E52  8026be12fc           and byte ptr [0x12be], 0xfc             
FA40:1E57  80fc30               cmp ah, 0x30                            
FA40:1E5A  7412                 je loc_1E6E                             
FA40:1E5C  80fc31               cmp ah, 0x31                            
FA40:1E5F  7508                 jne loc_1E69                            
FA40:1E61  800ebe1201           or byte ptr [0x12be], 1                 
FA40:1E66  eb06                 jmp loc_1E6E                            
FA40:1E68  db 90h

loc_1E69:   ; xref 1E5F
FA40:1E69  800ebe1202           or byte ptr [0x12be], 2                 

loc_1E6E:   ; xref 1E5A 1E66
FA40:1E6E  c3                   ret                                     

loc_1E6F:   ; xref 1E50
FA40:1E6F  803ebc1204           cmp byte ptr [0x12bc], 4                
FA40:1E74  7543                 jne loc_1EB9                            
FA40:1E76  8026be12f3           and byte ptr [0x12be], 0xf3             
FA40:1E7B  80fc30               cmp ah, 0x30                            
FA40:1E7E  7438                 je loc_1EB8                             
FA40:1E80  80fc31               cmp ah, 0x31                            
FA40:1E83  7508                 jne loc_1E8D                            
FA40:1E85  800ebe1204           or byte ptr [0x12be], 4                 
FA40:1E8A  eb06                 jmp loc_1E92                            
FA40:1E8C  db 90h

loc_1E8D:   ; xref 1E83
FA40:1E8D  800ebe1208           or byte ptr [0x12be], 8                 

loc_1E92:   ; xref 1E8A
FA40:1E92  8a0ebe12             mov cl, byte ptr [0x12be]               
FA40:1E96  8ae9                 mov ch, cl                              
FA40:1E98  80e10c               and cl, 0xc                             
FA40:1E9B  d0e1                 shl cl, 1                               
FA40:1E9D  d0e1                 shl cl, 1                               
FA40:1E9F  80e530               and ch, 0x30                            
FA40:1EA2  3ae9                 cmp ch, cl                              
FA40:1EA4  7512                 jne loc_1EB8                            
FA40:1EA6  b520                 mov ch, 0x20                            
FA40:1EA8  80f910               cmp cl, 0x10                            
FA40:1EAB  7402                 je loc_1EAF                             
FA40:1EAD  b510                 mov ch, 0x10                            

loc_1EAF:   ; xref 1EAB
FA40:1EAF  8026be12cf           and byte ptr [0x12be], 0xcf             
FA40:1EB4  082ebe12             or byte ptr [0x12be], ch                

loc_1EB8:   ; xref 1E7E 1EA4
FA40:1EB8  c3                   ret                                     

loc_1EB9:   ; xref 1E74
FA40:1EB9  803ebc1205           cmp byte ptr [0x12bc], 5                
FA40:1EBE  7543                 jne loc_1F03                            
FA40:1EC0  8026be12cf           and byte ptr [0x12be], 0xcf             
FA40:1EC5  80fc30               cmp ah, 0x30                            
FA40:1EC8  7438                 je loc_1F02                             
FA40:1ECA  80fc31               cmp ah, 0x31                            
FA40:1ECD  7508                 jne loc_1ED7                            
FA40:1ECF  800ebe1210           or byte ptr [0x12be], 0x10              
FA40:1ED4  eb06                 jmp loc_1EDC                            
FA40:1ED6  db 90h

loc_1ED7:   ; xref 1ECD
FA40:1ED7  800ebe1220           or byte ptr [0x12be], 0x20              

loc_1EDC:   ; xref 1ED4
FA40:1EDC  8a0ebe12             mov cl, byte ptr [0x12be]               
FA40:1EE0  8ae9                 mov ch, cl                              
FA40:1EE2  80e130               and cl, 0x30                            
FA40:1EE5  d0e9                 shr cl, 1                               
FA40:1EE7  d0e9                 shr cl, 1                               
FA40:1EE9  80e50c               and ch, 0xc                             
FA40:1EEC  3ae9                 cmp ch, cl                              
FA40:1EEE  7512                 jne loc_1F02                            
FA40:1EF0  b508                 mov ch, 8                               
FA40:1EF2  80f904               cmp cl, 4                               
FA40:1EF5  7402                 je loc_1EF9                             
FA40:1EF7  b504                 mov ch, 4                               

loc_1EF9:   ; xref 1EF5
FA40:1EF9  8026be12f3           and byte ptr [0x12be], 0xf3             
FA40:1EFE  082ebe12             or byte ptr [0x12be], ch                

loc_1F02:   ; xref 1EC8 1EEE
FA40:1F02  c3                   ret                                     

loc_1F03:   ; xref 1EBE
FA40:1F03  803ebc1206           cmp byte ptr [0x12bc], 6                
FA40:1F08  7510                 jne loc_1F1A                            
FA40:1F0A  8026c412fd           and byte ptr [0x12c4], 0xfd             
FA40:1F0F  80fc30               cmp ah, 0x30                            
FA40:1F12  7405                 je loc_1F19                             
FA40:1F14  800ec41202           or byte ptr [0x12c4], 2                 

loc_1F19:   ; xref 1F12
FA40:1F19  c3                   ret                                     

loc_1F1A:   ; xref 1F08
FA40:1F1A  803ebc1207           cmp byte ptr [0x12bc], 7                
FA40:1F1F  7510                 jne loc_1F31                            
FA40:1F21  8026c412fb           and byte ptr [0x12c4], 0xfb             
FA40:1F26  80fc30               cmp ah, 0x30                            
FA40:1F29  7405                 je loc_1F30                             
FA40:1F2B  800ec41204           or byte ptr [0x12c4], 4                 

loc_1F30:   ; xref 1F29
FA40:1F30  c3                   ret                                     

loc_1F31:   ; xref 1F1F
FA40:1F31  803ebc1208           cmp byte ptr [0x12bc], 8                
FA40:1F36  7510                 jne loc_1F48                            
FA40:1F38  8026c412f7           and byte ptr [0x12c4], 0xf7             
FA40:1F3D  80fc30               cmp ah, 0x30                            
FA40:1F40  7405                 je loc_1F47                             
FA40:1F42  800ec41208           or byte ptr [0x12c4], 8                 

loc_1F47:   ; xref 1F40
FA40:1F47  c3                   ret                                     

loc_1F48:   ; xref 1F36
FA40:1F48  803ebc1209           cmp byte ptr [0x12bc], 9                
FA40:1F4D  7510                 jne loc_1F5F                            
FA40:1F4F  8026c412df           and byte ptr [0x12c4], 0xdf             
FA40:1F54  80fc30               cmp ah, 0x30                            
FA40:1F57  7405                 je loc_1F5E                             
FA40:1F59  800ec41220           or byte ptr [0x12c4], 0x20              

loc_1F5E:   ; xref 1F57
FA40:1F5E  c3                   ret                                     

loc_1F5F:   ; xref 1F4D
FA40:1F5F  803ebc120a           cmp byte ptr [0x12bc], 0xa              
FA40:1F64  7510                 jne loc_1F76                            
FA40:1F66  8026c412bf           and byte ptr [0x12c4], 0xbf             
FA40:1F6B  80fc30               cmp ah, 0x30                            
FA40:1F6E  7405                 je loc_1F75                             
FA40:1F70  800ec41240           or byte ptr [0x12c4], 0x40              

loc_1F75:   ; xref 1F6E
FA40:1F75  c3                   ret                                     

loc_1F76:   ; xref 1F64
FA40:1F76  803ebc1213           cmp byte ptr [0x12bc], 0x13             
FA40:1F7B  7510                 jne loc_1F8D                            
FA40:1F7D  8026c412ef           and byte ptr [0x12c4], 0xef             
FA40:1F82  80fc30               cmp ah, 0x30                            
FA40:1F85  7405                 je loc_1F8C                             
FA40:1F87  800ec41210           or byte ptr [0x12c4], 0x10              

loc_1F8C:   ; xref 1F85
FA40:1F8C  c3                   ret                                     

loc_1F8D:   ; xref 1F7B
FA40:1F8D  803ebc1214           cmp byte ptr [0x12bc], 0x14             
FA40:1F92  7510                 jne loc_1FA4                            
FA40:1F94  8026c4127f           and byte ptr [0x12c4], 0x7f             
FA40:1F99  80fc30               cmp ah, 0x30                            
FA40:1F9C  7405                 je loc_1FA3                             
FA40:1F9E  800ec41280           or byte ptr [0x12c4], 0x80              

loc_1FA3:   ; xref 1F9C
FA40:1FA3  c3                   ret                                     

loc_1FA4:   ; xref 1F92
FA40:1FA4  8a0ebc12             mov cl, byte ptr [0x12bc]               
FA40:1FA8  80e90b               sub cl, 0xb                             
FA40:1FAB  b501                 mov ch, 1                               
FA40:1FAD  d2e5                 shl ch, cl                              
FA40:1FAF  f6d5                 not ch                                  
FA40:1FB1  202ec212             and byte ptr [0x12c2], ch               
FA40:1FB5  80fc30               cmp ah, 0x30                            
FA40:1FB8  7406                 je loc_1FC0                             
FA40:1FBA  f6d5                 not ch                                  
FA40:1FBC  082ec212             or byte ptr [0x12c2], ch                

loc_1FC0:   ; xref 1FB8
FA40:1FC0  c3                   ret                                     
FA40:1FC1  db 00h,00h,00h,00h,00h,00h,00h,00h,00h,00h,00h,00h,00h,00h,00h,FEh
FA40:1FD1  db 07h
FA40:1FD2  db "  2 D D J J P V b h "
FA40:1FE6  db 00h,00h,00h,00h,00h,00h,03h,01h,01h,80h,26h,82h,FFh,FFh,00h,00h
FA40:1FF6  db 40h,00h,00h,00h,21h,00h,02h,00h,00h,00h,00h,00h,00h,00h,00h,00h
FA40:2006  db 18 dup(00h)   ; free/padding?
FA40:2018  db 19h,00h,00h,00h,00h,00h,00h,00h,03h,10h,3Fh,01h,02h,00h,06h,10h
FA40:2028  db 43h,01h,02h,01h,09h,10h,47h,01h,04h,02h,03h,10h,4Dh,01h,02h,00h
FA40:2038  db 06h,10h,51h,01h,02h,01h,09h,10h,55h,01h,02h,02h,03h,10h,59h,01h
FA40:2048  db 01h,FFh,03h,10h,5Ch,01h,02h,FFh,03h,10h,60h,01h,00h,FFh,10h,11h
FA40:2058  db 63h,01h,01h,FFh,10h,10h,63h,01h,00h,FFh,03h,10h,66h,01h,02h,FFh
FA40:2068  db 03h,10h,6Ah,01h,01h,FFh,01h,00h,18h,4Eh,00h,C9h,CDh,BBh,BAh,BAh
FA40:2078  db C8h,CDh,BCh,0Fh,00h,00h,4Eh,00h,CCh,CDh,B9h,FFh,FFh,FFh,FFh,FFh
FA40:2088  db 14h,00h,00h,4Eh,00h,C7h,C4h,B6h,FFh,FFh,FFh,FFh,FFh,0Fh,14h,06h
FA40:2098  db 00h,00h,D1h,FFh,FFh,B3h,FFh,C1h,FFh,FFh,00h,00h,00h,00h,00h,00h
FA40:20A8  db 00h,00h,00h,00h,00h,00h,00h,00h,62h,21h,AAh,21h,02h,22h,02h,22h
FA40:20B8  db "q\"q\"\"#M#"
FA40:20C0  db AEh,23h,D3h,23h,E0h,20h,F2h,20h,02h,21h,02h,21h,10h,21h,10h,21h
FA40:20D0  db 1Fh
FA40:20D1  db "!#!D!Q!"
FA40:20D8  db 00h,00h,00h,00h,00h,00h,00h,00h,03h,10h
FA40:20E2  db "__-__-____ Date"
FA40:20F1  db 00h,03h,10h
FA40:20F4  db "__:__:__ Time"
FA40:2101  db 00h,03h,10h
FA40:2104  db "_ Disk type"
FA40:210F  db 00h,03h,10h
FA40:2112  db "__ Disk type"
FA40:211E  db 00h,03h,10h,5Fh,00h,03h,10h
FA40:2125  db "Is the primary\r\nCRT correct? _"
FA40:2143  db 00h,03h,10h
FA40:2146  db "__ Columns"
FA40:2150  db 00h,03h,10h
FA40:2153  db "_ Monitor type"
FA40:2161  db 00h,17h,10h
FA40:2164  db "Format for entry of date:\r\nMM-DD-YYYY\r\n(Date will be set immediately)"
FA40:21A9  db 00h,17h,10h
FA40:21AC  db "Format for entry of time:\r\nHH: MM: SS (24 hour clock)\r\n(Time will be set immediately)"
FA40:2201  db 00h,17h,10h
FA40:2204  db "Valid flexible disk types are:\r\n0 = Not Installed    4 = 1.44MB, 3.5\"\r\n2 = 1.2MB, 5.25\"     6 = 2.88MB, 3.5\""
FA40:2270  db 00h,17h,10h
FA40:2273  db "Valid fixed disk types are: 0 = Not installed\r\n1 = Disk parameter set by USERHDD.EXE\r\n2 = Automatic disk parameter detection\r\n4-47 = Disk type        P = Fixed disk parameter"
FA40:2321  db 00h,17h,10h
FA40:2324  db " Current extended memory size is correct"
FA40:234C  db 00h,17h,10h
FA40:234F  db "Valid entries are:\r\n1 = Primary CRT display is correct\r\n2 = Primary CRT display is not correct"
FA40:23AD  db 00h,17h,10h
FA40:23B0  db "Valid entries are:\r\n40, 80 Columns"
FA40:23D2  db 00h,17h,10h
FA40:23D5  db " Select monitor types (0 - 8):                    \r\n Press \"V\" for table of selectable Monitor types      \r\n If \"V\" not useable, function not supported!          "
FA40:2477  db 00h,FEh,68h,3Ah,74h,3Ah,73h,00h,FEh,6Dh,2Dh,64h,2Dh,79h,00h,02h
FA40:2487  db 04h,00h,01h,10h,00h,13h,13h,00h,15h,10h,00h,4Ch,13h,00h,01h,15h
FA40:2497  db 00h,4Ch,17h,00h,1Bh,04h,00h,35h,04h,00h,FEh,0Dh,0Ah,4Dh,65h,6Dh
FA40:24A7  db "ory allocation error\r\n"
FA40:24BD  db 00h,FEh
FA40:24BF  db "\r\nHardware setup in CMOS is not required for this machine.\r\n"
FA40:24FB  db 00h,FEh
FA40:24FD  db "*** CMOS Device is bad.\r\n"
FA40:2516  db 00h,0Ah,15h
FA40:2519  db "       "
FA40:2520  db 00h,FEh
FA40:2522  db "         "
FA40:252B  db 00h,FEh
FA40:252D  db " Bytes  \r\n"
FA40:2537  db 00h,0Ah,16h
FA40:253A  db "Cylinders__"
FA40:2545  db 00h,FEh
FA40:2547  db ", Heads__"
FA40:2550  db 00h,FEh
FA40:2552  db ", Sectors/track__"
FA40:2563  db 00h,09h,17h,20h,00h,FEh
FA40:2569  db "           0"
FA40:2575  db 00h,FEh,20h,20h,00h,FEh
FA40:257B  db "     0"
FA40:2581  db 00h,FEh,20h,20h,00h,FEh,2Ch,00h,FEh,20h,00h,0Ah,01h,20h,20h,20h
FA40:2591  db "                   MONITOR SELECTION                   "
FA40:25C8  db 00h,0Ah,03h
FA40:25CB  db "  Select the Monitor type that best describes your Monitor"
FA40:2605  db 00h,01h,07h
FA40:2608  db " Monitor type                           Resolution   Vertical   Line Rate"
FA40:2651  db 00h,01h,08h
FA40:2654  db "                                                    Scan Freq."
FA40:2692  db 00h,01h
FA40:2694  db "\n 0 = Standard VGA Color/Mono              640x480     60Hz       31.5KHz"
FA40:26DD  db 00h,01h,0Bh
FA40:26E0  db "     3297-0131/0251,3298-0131/0231/0251"
FA40:2707  db 00h,01h
FA40:2709  db "\r 1 = VGA+ (NEC 2A or compatible)          640x480     60Hz       31.5/35.2KHz"
FA40:2757  db 00h,01h,0Eh
FA40:275A  db "     3297-0271                            800x600     56Hz"
FA40:2794  db 00h,01h,10h
FA40:2797  db " 2 = SVGA                                 640x480     60Hz       31.5-35.5KHz"
FA40:27E4  db 00h,01h,11h
FA40:27E7  db "     3298-0232                            800x600     56Hz"
FA40:2821  db 00h,01h,12h
FA40:2824  db "                                         1024x768     87Hz Int."
FA40:2863  db 00h,01h,14h
FA40:2866  db " 3 = SVGA                                 640x480     72Hz       31.5-38KHz"
FA40:28B1  db 00h,01h,15h
FA40:28B4  db "     3298-0235                            800x600     56Hz"
FA40:28EE  db 00h,01h,16h
FA40:28F1  db "                                         1024x768     87Hz Int."
FA40:2930  db 00h,01h,18h
FA40:2933  db " 4 = SVGA (NEC 3D or compatible)          640x480     72Hz       31.5-38KHz"
FA40:297E  db 00h,01h,19h
FA40:2981  db "                                          800x600     56/60Hz"
FA40:29BE  db 00h,01h,1Ah
FA40:29C1  db "                                         1024x768     87Hz Int."
FA40:2A00  db 00h,01h,1Ch
FA40:2A03  db " 5 = HIGH ERGO                            640x480     60Hz       31,5-57KHz"
FA40:2A4E  db 00h,01h,1Dh
FA40:2A51  db "     3297-0291,3298-0271/0272             800x600     72Hz"
FA40:2A8B  db 00h,01h,1Eh
FA40:2A8E  db "                                         1024x768     70Hz"
FA40:2AC8  db 00h,01h
FA40:2ACA  db "  6 = ESVGA (NEC 4D or compatible)         640x480     72Hz       31,5-57KHz"
FA40:2B16  db 00h,01h
FA40:2B18  db "!     3298-0261                            800x600     72Hz"
FA40:2B53  db 00h,01h
FA40:2B55  db "\"                                         1024x768     70Hz"
FA40:2B90  db 00h,01h
FA40:2B92  db "$ 7 = UVGA                                 640x480     72Hz       31,5-50KHz"
FA40:2BDE  db 00h,01h
FA40:2BE0  db "%     3298-0240/0241                       800x600     72Hz"
FA40:2C1B  db 00h,01h
FA40:2C1D  db "&                                         1024x768     60Hz"
FA40:2C58  db 00h,01h
FA40:2C5A  db "( 8 = ESVGA (NEC 5FG or compatible)        640x480     72Hz       31,5-64KHz"
FA40:2CA6  db 00h,01h
FA40:2CA8  db ")     3298-0273/0280                       800x600     72Hz"
FA40:2CE3  db 00h,01h
FA40:2CE5  db "*     (not for SVGA Graphics Adapter)     1024x768     72Hz"
FA40:2D20  db 00h,01h
FA40:2D22  db "+                                        1280x1024     87Hz Int."
FA40:2D62  db 00h,03h,00h
FA40:2D65  db "Software Controlled Registers and Memory Setup"
FA40:2D93  db 00h,03h,02h
FA40:2D96  db "Settings           Current    New                          Current   New\r\n\r\nFlex Disk Interface:                Shadow C0000 - C3FFF:\r\nAT-Drive Interface:                 Shadow C4000 - C7FFF:\r\nAT-Bus Speed:                       Shadow C8000 - CBFFF:\r\nParallel Port:                      Shadow CC000 - CFFFF:\r\nSerial Port 1:                      Shadow D0000 - D3FFF:\r\nSerial Port 2:                      Shadow D4000 - D7FFF:\r\n486 Internal Cache:                 Shadow D8000 - DBFFF:\r\nSecond Level Cache:                 Shadow DC000 - DFFFF:\r\nBIOS Cacheable:                     Shadow E0000 - EFFFF:\r\nParallel Bidirect.:                 Copy Video to C0000:\r\nBoot from Flex Disk:"
FA40:3043  db 00h,03h,15h,18h,19h
FA40:3048  db "  Move up,down a selection"
FA40:3062  db 00h,03h,16h,1Bh,1Ah
FA40:3067  db "  Move left,right a selection"
FA40:3084  db 00h,25h,16h
FA40:3087  db "ESC Return to the first screen"
FA40:30A5  db 00h,03h,17h,11h,D9h
FA40:30AA  db "  Enter the new setting"
FA40:30C1  db 00h,25h,17h
FA40:30C4  db "END Save and return to the first screen"
FA40:30EB  db 00h,FEh,20h,46h,61h,73h,74h,00h,FEh,20h,20h,53h,74h,64h,00h,FEh
FA40:30FB  db 20h,4Ch,50h,54h,31h,00h,FEh,20h,4Ch,50h,54h,32h,00h,FEh,20h,43h
FA40:310B  db 4Fh,4Dh,31h,00h,FEh,20h,43h,4Fh,4Dh,32h,00h,FEh,20h,43h,4Fh,4Dh
FA40:311B  db 31h,00h,FEh,20h,43h,4Fh,4Dh,32h,00h,FEh,20h,20h,20h,4Eh,6Fh,00h
FA40:312B  db FEh,20h,20h,59h,65h,73h,00h,03h,10h,5Fh,20h,00h,FEh,53h,65h,63h
FA40:313B  db "ond level cache and BIOS cacheable must be disabled\r\n"
FA40:3170  db 00h,FEh
FA40:3172  db "486 Internal cache must be enabled\r\n"
FA40:3196  db 00h,FEh
FA40:3198  db "Copy VIDEO BIOS from E0000 to C0000 must be disabled\r\n"
FA40:31CE  db 00h,FEh
FA40:31D0  db "Shadow C0000-C7FFF must be disabled\r\n"
FA40:31F5  db 00h,FEh,20h,46h,41h,53h,54h,00h,FEh,20h,20h,53h,54h,44h,00h,FEh
FA40:3205  db 20h,4Ch,50h,54h,31h,00h,FEh,20h,4Ch,50h,54h,32h,00h,FEh,20h,43h
FA40:3215  db 4Fh,4Dh,31h,00h,FEh,20h,43h,4Fh,4Dh,32h,00h,03h,10h,5Fh,20h,20h
FA40:3225  db " Setting"
FA40:322D  db 00h,1Ch,10h
FA40:3230  db "0 = No (Disabled)\r\n1 = Yes (Enabled)"
FA40:3254  db 00h,1Ch,10h
FA40:3257  db "0 = No  (Disable Flex Disk Controller)\r\n1 = Yes (Enable  Flex Disk Controller)"
FA40:32A5  db 00h,1Ch,10h
FA40:32A8  db "0 = Fast\r\n1 = Standard"
FA40:32BE  db 00h,1Ch,10h
FA40:32C1  db "0 = Disable\r\n1 = LPT1\r\n2 = LPT2"
FA40:32E0  db 00h,1Ch,10h
FA40:32E3  db "0 = Disable\r\n1 = COM1\r\n2 = COM2"
FA40:3302  db 00h,FEh,10h,00h,FEh
FA40:3307  db "Entry is an invalid date.\r\n"
FA40:3322  db 00h,FEh
FA40:3324  db "Entry is an invalid time.\r\n"
FA40:333F  db 00h,FEh
FA40:3341  db "If drive B: is selected, drive A: cannot be deselected\r\n"
FA40:3379  db 00h,FEh
FA40:337B  db "If drive A: is not selected, drive B: cannot be selected\r\n"
FA40:33B5  db 00h,FEh
FA40:33B7  db "Entry is an invalid flexible disk type.\r\n"
FA40:33E0  db 00h,FEh
FA40:33E2  db "If drive D: is selected, drive C: cannot be deselected.\r\n"
FA40:341B  db 00h,FEh
FA40:341D  db "If drive C: is not selected, drive D: cannot be selected.\r\n"
FA40:3458  db 00h,FEh
FA40:345A  db "Entry is an invalid fixed disk type\r\n"
FA40:347F  db 00h,FEh
FA40:3481  db "Before set, run the USERHDD Utility\r\n"
FA40:34A6  db 00h,03h,15h
FA40:34A9  db "In order to change the screen width for this adapter, refer to\r\nthe installation manual for proper switch settings\r\n"
FA40:351D  db 00h,FEh
FA40:351F  db "The mono alpha display width cannot be set.\r\n"
FA40:354C  db 00h,FEh
FA40:354E  db "Entry is invalid for screen width.\r\n"
FA40:3572  db 00h,FEh
FA40:3574  db "Entry is an invalid Monitor type.\r\n"
FA40:3597  db 00h,03h,15h,00h,FEh
FA40:359C  db "Entry is invalid for primary CRT adapter.\r\n"
FA40:35C7  db 00h,03h,15h
FA40:35CA  db "Only a mono alpha display adapter has been detected. Refer to the \r\ninstallation manual for the proper setup of the adapter and the setting of\r\nthe primary display.  "
FA40:3670  db 00h,03h,15h
FA40:3673  db "Only a graphics display adapter has been detected. Refer to the \r\ninstallation manual for the proper setup of the adapter and the setting of\r\nthe primary display.  "
FA40:3717  db 00h,03h,15h
FA40:371A  db "If the primary display is to be changed, refer to the installation\r\nfor the setting of the primary display.\r\n"
FA40:3787  db 00h,16h,10h
FA40:378A  db "Current primary display setting conflicts with switch\r\nsetting. When exiting setup, press END to save new\r\nsetting."
FA40:37FD  db 00h,03h,15h
FA40:3800  db "**** Entry error ****\r\n"
FA40:3817  db 00h,FEh
FA40:3819  db "                 \r"
FA40:382B  db 00h,FEh
FA40:382D  db "Not installed"
FA40:383A  db 00h,FEh
FA40:383C  db "Invalid Type"
FA40:3848  db 00h,FEh
FA40:384A  db "1.2MB, 5.25\""
FA40:3856  db 00h,FEh
FA40:3858  db "Invalid Type"
FA40:3864  db 00h,FEh
FA40:3866  db "1.44MB, 3.5\""
FA40:3872  db 00h,FEh
FA40:3874  db "Invalid Type"
FA40:3880  db 00h,FEh
FA40:3882  db "2.88MB, 3.5\""
FA40:388E  db 00h,FEh
FA40:3890  db "Not installed"
FA40:389D  db 00h,FEh
FA40:389F  db "USERHDD"
FA40:38A6  db 00h,FEh
FA40:38A8  db "Automatic"
FA40:38B1  db 00h,FEh,54h,79h,70h,65h,20h,00h,FEh,20h,4Bh,42h,00h,FEh,47h,72h
FA40:38C1  db "aphics display adapter"
FA40:38D7  db 00h,FEh
FA40:38D9  db "Mono display adapter"
FA40:38ED  db 00h,FEh
FA40:38EF  db "EGA/VGA graphics display"
FA40:3907  db 00h,FEh
FA40:3909  db "EGA/VGA mono display"
FA40:391D  db 00h,FEh
FA40:391F  db "Invalid"
FA40:3926  db 00h,FEh
FA40:3928  db "40 Columns"
FA40:3932  db 00h,FEh
FA40:3934  db "80 Columns"
FA40:393E  db 00h,03h,02h
FA40:3941  db "Device                  Current settings\r\n\r\nDate____________________\r\nTime____________________\r\nFlexible Disk A:________\r\nFlexible Disk B:________\r\nFixed disk C:___________\r\nFixed disk D:___________\r\nExtended memory size____\r\nPrimary display_________\r\nScreen width____________\r\nMonitor type____________"
FA40:3A6F  db 00h,35h,02h
FA40:3A72  db "New settings"
FA40:3A7E  db 00h,03h,00h
FA40:3A81  db "Setup, Version 2.01.00 (3230)\r\n"
FA40:3AA0  db 00h,02h,15h,18h
FA40:3AA4  db "  Move up a selection"
FA40:3AB9  db 00h,2Bh,15h
FA40:3ABC  db "F2  Software Controlled Registers"
FA40:3ADD  db 00h,02h,16h,19h
FA40:3AE1  db "  Move down a selection"
FA40:3AF8  db 00h,2Bh,16h
FA40:3AFB  db "ESC Exit without changes"
FA40:3B13  db 00h,02h,17h,11h,D9h
FA40:3B18  db " Enter the new setting"
FA40:3B2E  db 00h,2Bh,17h
FA40:3B31  db "END Save the changes and exit"
FA40:3B4E  db 00h,FEh
FA40:3B50  db "Press any key to continue"
FA40:3B69  db 00h,00h,00h,00h,00h,00h,00h,6Ah,00h,00h,00h,00h,00h,00h,00h,00h
FA40:3B79  db 135 dup(00h)   ; free/padding?
